player_id,player_name,team,age,pts,ast,reb,bpm,vorp,games_played,ts_pct,obpm,dbpm,stl,blk,ws,per,min_per_game,salary_2023_24,contract_years_remaining
1630552,Jalen Johnson,ATL,24.0,22.9,8.1,10.2,2.4,6.48,66,0.584,2.8500000000000014,-1.6000000000000014,1.3,0.5,1.92456,0.0,35.4,30000000.0,5.0
1629638,Nickeil Alexander-Walker,ATL,27.0,20.5,3.8,3.5,3.2,4.12,72,0.603,2.950000000000003,-1.3500000000000014,1.3,0.5,1.3348799999999998,0.0,33.2,15161800.0,4.0
203468,CJ McCollum,ATL,34.0,18.8,3.8,3.4,0.3,4.2,70,0.567,1.6000000000000014,-1.4500000000000028,0.8,0.4,1.323,0.0,29.8,30666666.0,1.0
1630168,Onyeka Okongwu,ATL,25.0,15.3,3.2,7.6,1.0,4.2,68,0.594,1.5499999999999972,-1.0499999999999972,1.1,1.1,1.2852,0.0,31.0,15000000.0,3.0
1630228,Jonathan Kuminga,ATL,23.0,12.0,2.5,5.9,1.9,4.36,30,0.556,0.6499999999999986,0.2999999999999971,0.6,0.3,0.5886,0.0,23.1,23799569.0,2.0
1630700,Dyson Daniels,ATL,23.0,11.7,5.9,6.7,4.9,4.12,70,0.538,3.3500000000000014,-0.8500000000000014,1.9,0.4,1.2977999999999998,0.0,33.2,7707709.0,5.0
1629111,Jock Landale,ATL,30.0,10.6,1.7,5.8,-2.6,3.96,67,0.593,2.200000000000003,-3.5,0.5,0.5,1.19394,0.0,22.3,2296274.0,1.0
1642258,Zaccharie Risacher,ATL,20.0,10.0,1.2,3.9,0.3,2.8000000000000003,61,0.557,1.3500000000000014,-1.2000000000000028,0.9,0.5,0.7686000000000001,0.0,23.1,13197720.0,3.0
1630557,Corey Kispert,ATL,27.0,9.1,1.6,2.4,-6.8,3.4399999999999995,54,0.597,-0.75,-2.6499999999999986,0.3,0.1,0.8359199999999999,0.0,18.9,13975000.0,4.0
1627741,Buddy Hield,ATL,33.0,7.3,1.4,2.3,-5.2,3.24,49,0.555,-0.5499999999999972,-2.049999999999997,0.8,0.2,0.71442,0.0,16.2,9219512.0,3.0
1642854,Asa Newell,ATL,20.0,5.0,0.5,2.0,-2.8,2.84,40,0.628,-0.5,-0.8999999999999986,0.4,0.3,0.5112,0.0,11.1,3237480.0,4.0
1631243,Mouhamed Gueye,ATL,23.0,4.6,0.9,3.6,1.4,3.0,71,0.545,1.25,-0.5,0.8,0.5,0.9585,0.0,15.5,2221677.0,2.0
1629216,Gabe Vincent,ATL,29.0,4.4,1.4,1.0,0.2,1.24,47,0.498,3.799999999999997,-3.6499999999999986,0.5,0.0,0.26226,0.0,17.1,11500000.0,1.0
1642484,RayJ Dennis,ATL,24.0,4.0,1.9,1.4,-10.2,2.24,16,0.416,-7.649999999999999,2.6000000000000014,0.3,0.3,0.16128,0.0,11.2,,0.0
1630811,Keaton Wallace,ATL,27.0,3.6,1.7,1.0,-6.9,3.3200000000000003,49,0.547,-4.25,0.7999999999999972,0.4,0.1,0.73206,0.0,10.0,2296274.0,1.0
1631132,Christian Koloko,ATL,25.0,2.6,0.7,2.9,0.4,1.88,25,0.448,-1.75,1.9500000000000028,0.6,0.9,0.2115,0.0,13.3,263940.0,1.0
1642933,Keshon Gilbert,ATL,22.0,2.0,1.0,1.7,-48.4,0.8799999999999999,3,0.521,-10.0,-14.200000000000005,0.7,1.3,0.01188,0.0,16.1,73153.0,1.0
1631216,Caleb Houstan,ATL,23.0,1.9,0.2,0.4,-6.5,2.64,16,0.665,-9.6,6.299999999999997,0.1,0.1,0.19008,0.0,4.3,699440.0,1.0
1631210,Jacob Toppin,ATL,25.0,1.6,0.2,0.2,31.3,7.24,5,0.667,-3.6499999999999986,19.299999999999997,0.0,0.2,0.1629,0.0,3.4,,0.0
1642368,N'Faly Dante,ATL,24.0,0.8,0.0,1.8,22.4,4.640000000000001,4,0.338,-0.4500000000000028,11.65,0.5,0.0,0.08352,0.0,3.9,2048494.0,1.0
1627759,Jaylen Brown,BOS,29.0,28.6,5.2,7.0,5.5,6.2,65,0.573,4.299999999999997,-1.5499999999999972,1.0,0.4,1.8135,0.0,34.3,53142264.0,4.0
1628369,Jayson Tatum,BOS,28.0,20.9,4.2,9.1,9.8,6.28,11,0.525,2.6000000000000014,2.299999999999997,1.1,0.2,0.31086,0.0,31.0,54126450.0,5.0
1628401,Derrick White,BOS,31.0,17.1,5.5,4.5,10.8,4.48,70,0.526,4.149999999999999,1.25,1.2,1.4,1.4112,0.0,34.3,28100000.0,4.0
1630202,Payton Pritchard,BOS,28.0,17.0,5.2,4.1,7.7,4.8,72,0.578,4.700000000000003,-0.8999999999999986,0.8,0.1,1.5552,0.0,32.6,7232143.0,3.0
202696,Nikola Vučević,BOS,35.0,15.6,3.4,8.6,-1.8,5.12,60,0.577,1.5499999999999972,-2.450000000000003,0.6,0.7,1.3824,0.0,29.0,21481481.0,1.0
1629674,Neemias Queta,BOS,26.0,9.9,1.6,8.3,11.2,5.08,70,0.66,3.25,2.3500000000000014,0.8,1.3,1.6002,0.0,25.3,2349578.0,2.0
1630573,Sam Hauser,BOS,28.0,8.9,1.4,3.8,7.4,3.08,71,0.573,4.350000000000001,-0.6499999999999986,0.5,0.3,0.98406,0.0,24.7,10044644.0,4.0
1630568,Luka Garza,BOS,27.0,7.5,1.0,3.9,6.4,3.96,64,0.684,4.850000000000001,-1.6499999999999986,0.4,0.4,1.14048,0.0,15.8,2461463.0,2.0
1641775,Jordan Walsh,BOS,22.0,5.3,0.8,4.1,6.7,3.2,60,0.626,4.950000000000003,-1.6000000000000014,0.7,0.5,0.864,0.0,17.7,2221677.0,2.0
1631248,Baylor Scheierman,BOS,25.0,5.0,1.4,3.5,7.2,3.3200000000000003,69,0.603,2.700000000000003,0.8999999999999986,0.5,0.1,1.03086,0.0,18.0,2619000.0,3.0
1642864,Hugo González,BOS,20.0,3.9,0.6,3.4,12.1,2.68,69,0.554,4.0,2.049999999999997,0.6,0.3,0.83214,0.0,15.1,2783880.0,4.0
1631199,Ron Harper Jr.,BOS,25.0,3.6,0.6,1.6,2.8,2.84,25,0.543,1.3999999999999986,0.0,0.2,0.4,0.3194999999999999,0.0,10.5,,0.0
1629646,Charles Bassey,BOS,25.0,2.3,0.3,3.0,-13.0,4.2,6,0.493,-5.0,-1.5,0.3,0.3,0.1134,0.0,6.7,263940.0,1.0
1628449,Chris Boucher,BOS,33.0,2.3,0.3,2.0,4.4,1.6,9,0.392,2.1499999999999986,0.0499999999999971,0.6,0.8,0.0648,0.0,10.5,2296274.0,1.0
1630625,Dalano Banton,BOS,26.0,2.0,0.8,0.2,-16.8,3.04,5,0.506,2.299999999999997,-10.700000000000005,0.2,0.2,0.0684,0.0,5.0,263940.0,1.0
1642873,Amari Williams,BOS,24.0,1.2,0.4,1.6,-15.4,2.8000000000000003,20,0.539,-10.4,2.700000000000003,0.1,0.5,0.252,0.0,6.1,490128.0,2.0
1642917,Max Shulga,BOS,23.0,0.6,0.3,0.1,-19.7,-4.0,7,0.41,-22.25,12.4,0.0,0.0,0.0,0.0,1.8,,0.0
1642910,John Tonje,BOS,24.0,0.5,0.3,0.5,-19.6,3.0,4,0.347,-7.100000000000001,-2.700000000000003,0.3,0.0,0.054,0.0,3.0,73153.0,1.0
1629008,Michael Porter Jr.,BRK,27.0,24.2,3.0,7.1,-6.6,5.64,52,0.595,1.5,-4.799999999999997,1.1,0.3,1.3197599999999998,0.0,32.5,38333050.0,2.0
1641730,Noah Clowney,BRK,21.0,12.4,1.7,4.2,-7.7,2.88,64,0.555,0.1000000000000014,-3.950000000000003,0.8,0.7,0.82944,0.0,27.2,3398640.0,2.0
1629651,Nic Claxton,BRK,26.0,11.8,3.7,7.0,-12.3,4.680000000000001,67,0.59,-1.0499999999999972,-5.100000000000001,0.7,1.1,1.41102,0.0,28.0,25352272.0,3.0
1642856,Egor Dëmin,BRK,20.0,10.3,3.3,3.2,-5.9,3.24,52,0.561,-0.25,-2.700000000000003,0.8,0.3,0.75816,0.0,25.2,,0.0
1630533,Ziaire Williams,BRK,24.0,10.3,1.1,2.4,-9.1,3.2,54,0.588,-3.25,-1.2999999999999972,1.4,0.4,0.7776000000000001,0.0,22.9,6250000.0,2.0
1642874,Danny Wolf,BRK,21.0,8.9,2.2,4.9,-9.0,3.84,57,0.521,-3.549999999999997,-0.9500000000000028,0.5,0.6,0.98496,0.0,20.8,2801280.0,4.0
1630549,Day'Ron Sharpe,BRK,24.0,8.7,2.3,6.7,-4.3,5.64,62,0.638,-1.3500000000000014,-0.8500000000000014,1.1,0.4,1.5735599999999998,0.0,18.7,6250000.0,2.0
1642849,Nolan Traore,BRK,19.0,8.5,3.8,1.7,-11.3,2.0,51,0.469,-1.0,-4.649999999999999,0.7,0.4,0.459,0.0,22.3,3811560.0,4.0
1643052,Chaney Johnson,BRK,23.0,7.3,2.3,4.1,-7.4,3.64,12,0.625,-1.5499999999999972,-2.200000000000003,0.9,0.4,0.19656,0.0,19.3,,0.0
1629611,Terance Mann,BRK,29.0,7.2,3.0,3.2,-7.8,2.64,62,0.561,-0.1499999999999985,-3.799999999999997,0.7,0.2,0.7365600000000001,0.0,24.3,15500000.0,3.0
1631169,Josh Minott,BRK,23.0,7.1,1.0,3.3,1.0,4.08,46,0.662,1.2000000000000028,-0.6499999999999986,0.9,0.4,0.8445599999999999,0.0,16.8,2378870.0,2.0
1641869,Malachi Smith,BRK,26.0,7.0,2.3,2.4,-1.7,4.4,8,0.638,-0.5499999999999972,-0.2999999999999971,0.9,0.4,0.1583999999999999,0.0,18.9,73153.0,1.0
1642879,Ben Saraf,BRK,19.0,6.7,3.2,1.9,-9.2,2.24,38,0.473,-2.6499999999999986,-1.9500000000000028,0.9,0.1,0.38304,0.0,19.5,2884560.0,4.0
1642962,Drake Powell,BRK,20.0,6.3,1.5,1.7,-15.1,2.2,57,0.546,-4.549999999999997,-3.0,0.5,0.2,0.5643,0.0,20.1,3372240.0,4.0
1630623,Tyson Etienne,BRK,26.0,6.1,1.2,0.7,-3.6,3.28,18,0.641,0.3999999999999986,-2.200000000000003,0.3,0.0,0.2656799999999999,0.0,11.6,,0.0
1630592,Jalen Wilson,BRK,25.0,5.8,0.7,1.8,-10.7,2.3200000000000003,48,0.534,-3.25,-2.1000000000000014,0.4,0.0,0.50112,0.0,14.7,2221677.0,1.0
1630534,Ochai Agbaji,BRK,25.0,5.0,0.8,2.3,-2.4,2.24,60,0.526,-1.6499999999999986,0.4500000000000028,0.4,0.3,0.6048,0.0,15.8,6383525.0,1.0
1641761,Grant Nelson,BRK,24.0,4.3,1.3,1.5,-9.9,4.0,4,0.634,1.3500000000000014,-6.25,0.3,1.3,0.072,0.0,8.8,73153.0,1.0
1630604,E.J. Liddell,BRK,25.0,2.6,0.8,1.9,-3.7,2.0,20,0.455,-1.1000000000000014,-0.75,0.2,0.4,0.18,0.0,9.7,706898.0,2.0
1630581,Josh Giddey,CHI,23.0,17.4,9.2,8.4,-3.9,5.76,52,0.566,1.2999999999999972,-3.25,1.1,0.5,1.34784,0.0,32.2,25000000.0,4.0
1641824,Matas Buzelis,CHI,21.0,16.4,2.0,5.7,-4.7,3.88,73,0.591,0.7000000000000028,-3.049999999999997,0.7,1.5,1.27458,0.0,29.3,5455560.0,3.0
1629012,Collin Sexton,CHI,27.0,15.0,3.3,2.0,-1.9,4.640000000000001,60,0.623,0.4500000000000028,-1.3500000000000014,1.0,0.2,1.2528,0.0,23.0,18975000.0,1.0
1629014,Anfernee Simons,CHI,26.0,14.3,2.4,2.5,3.0,3.84,55,0.576,3.450000000000003,-2.0,0.5,0.1,0.9504,0.0,24.9,27678571.0,1.0
1630200,Tre Jones,CHI,26.0,13.2,5.5,3.1,-3.7,4.88,57,0.628,0.6499999999999986,-2.450000000000003,1.2,0.2,1.25172,0.0,27.1,8000000.0,3.0
1630188,Jalen Smith,CHI,26.0,10.2,1.2,6.7,3.4,4.36,53,0.608,3.200000000000003,-1.5,0.5,0.8,1.03986,0.0,20.7,9000000.0,2.0
1628380,Zach Collins,CHI,28.0,9.7,1.5,5.6,3.4,4.92,10,0.666,2.5,-0.7999999999999972,0.2,0.4,0.2213999999999999,0.0,18.4,18080496.0,1.0
1630171,Isaac Okoro,CHI,25.0,9.2,1.5,2.8,-7.8,1.92,58,0.569,1.25,-5.149999999999999,0.7,0.5,0.50112,0.0,27.0,11000000.0,2.0
1631093,Jaden Ivey,CHI,24.0,8.5,1.8,2.5,2.1,3.64,37,0.571,0.1499999999999985,0.8999999999999986,0.6,0.4,0.6060599999999999,0.0,18.1,10107163.0,1.0
1630172,Patrick Williams,CHI,24.0,6.8,1.3,2.9,-11.6,2.24,64,0.501,-3.049999999999997,-2.799999999999997,0.6,0.3,0.64512,0.0,19.7,18000000.0,4.0
1631159,Leonard Miller,CHI,22.0,6.0,0.6,3.2,3.8,4.0,38,0.612,2.6000000000000014,-0.7000000000000028,0.3,0.2,0.684,0.0,12.5,2221677.0,2.0
1630644,Mac McClung,CHI,27.0,5.8,0.5,1.3,-17.4,1.6,4,0.43,-3.5,-5.200000000000003,1.3,0.5,0.0288,0.0,11.8,164060.0,1.0
1630208,Nick Richards,CHI,28.0,5.8,0.3,5.1,-8.4,3.16,48,0.562,-0.5499999999999972,-3.6000000000000014,0.2,0.7,0.68256,0.0,14.6,5000000.0,1.0
1642265,Rob Dillingham,CHI,21.0,5.4,2.2,1.7,-8.0,2.28,57,0.454,-2.25,-1.75,0.7,0.1,0.58482,0.0,13.5,6576120.0,3.0
1627824,Guerschon Yabusele,CHI,30.0,5.1,0.9,3.3,-7.3,3.12,61,0.55,-1.25,-2.3999999999999986,0.4,0.2,0.85644,0.0,14.0,5500000.0,1.0
1642530,Yuki Kawamura,CHI,24.0,3.0,2.9,1.9,-2.8,3.8,11,0.555,0.2999999999999971,-1.7000000000000028,0.5,0.0,0.1881,0.0,11.0,,0.0
1642280,Trentyn Flowers,CHI,21.0,2.0,0.5,0.5,-18.2,5.12,2,0.667,-14.1,5.0,0.0,0.0,0.0460799999999999,0.0,2.8,,0.0
1642950,Lachlan Olbrich,CHI,22.0,1.6,0.7,2.0,1.9,2.8000000000000003,29,0.514,-2.6499999999999986,3.549999999999997,0.2,0.1,0.3654,0.0,6.7,,0.0
1642855,Noa Essengue,CHI,19.0,0.0,0.0,0.0,-111.4,-3.8,2,0.0,-25.0,-30.700000000000003,0.5,0.0,0.0,0.0,3.0,5429520.0,4.0
1641706,Brandon Miller,CHO,23.0,20.3,3.4,5.1,7.4,4.5200000000000005,58,0.574,4.600000000000001,-0.8999999999999986,1.0,0.7,1.17972,0.0,30.2,11968800.0,2.0
1630163,LaMelo Ball,CHO,24.0,19.7,7.0,4.8,8.7,5.24,65,0.539,6.600000000000001,-2.25,1.2,0.2,1.5327,0.0,27.8,37958760.0,4.0
1642851,Kon Knueppel,CHO,20.0,18.9,3.4,5.4,5.7,4.76,74,0.646,4.450000000000003,-1.6000000000000014,0.7,0.2,1.5850799999999998,0.0,31.6,10015680.0,4.0
1629632,Coby White,CHO,26.0,17.6,4.2,3.6,2.7,4.4,44,0.591,3.549999999999997,-2.200000000000003,0.6,0.1,0.8712,0.0,26.0,12888889.0,1.0
1628970,Miles Bridges,CHO,28.0,17.1,3.2,5.8,2.7,4.36,70,0.562,4.100000000000001,-2.700000000000003,0.6,0.4,1.3734,0.0,31.4,25000000.0,2.0
1631217,Moussa Diabaté,CHO,24.0,8.0,1.9,8.7,10.7,4.36,67,0.65,6.100000000000001,-0.75,0.8,1.0,1.31454,0.0,26.0,2270735.0,2.0
1641750,Ryan Kalkbrenner,CHO,24.0,7.7,0.8,5.5,0.5,4.32,62,0.757,1.0,-0.75,0.5,1.5,1.20528,0.0,21.6,2296274.0,4.0
1629684,Grant Williams,CHO,27.0,6.8,1.6,3.9,14.5,3.4399999999999995,30,0.61,4.649999999999999,2.549999999999997,0.4,0.4,0.4643999999999999,0.0,19.4,13645500.0,2.0
1642275,Tidjane Salaün,CHO,20.0,6.2,0.8,4.1,2.6,4.16,36,0.632,1.75,-0.4500000000000028,0.4,0.2,0.67392,0.0,15.9,7863240.0,3.0
1630544,Tre Mann,CHO,25.0,5.9,1.8,1.9,-10.0,2.4,48,0.464,-1.6499999999999986,-3.3500000000000014,0.5,0.1,0.5184,0.0,13.5,8000000.0,3.0
1642883,Sion James,CHO,23.0,5.4,2.0,3.4,1.8,2.44,75,0.546,1.2000000000000028,-0.2999999999999971,0.6,0.3,0.8235,0.0,22.6,2296274.0,4.0
1630182,Josh Green,CHO,25.0,4.6,0.9,1.9,13.5,2.48,51,0.645,4.649999999999999,2.1000000000000014,0.6,0.1,0.56916,0.0,16.3,13666667.0,2.0
1641790,PJ Hall,CHO,24.0,4.5,0.5,3.9,-5.4,3.92,19,0.599,-0.7999999999999972,-1.9500000000000028,0.2,0.5,0.33516,0.0,11.2,,0.0
1642862,Liam McNeeley,CHO,20.0,4.4,0.8,2.4,2.5,3.2,30,0.594,1.0499999999999972,0.2000000000000028,0.2,0.1,0.432,0.0,12.1,2763960.0,4.0
1641810,Antonio Reeves,CHO,25.0,3.0,0.2,0.9,18.5,3.8,9,0.675,3.1000000000000014,6.200000000000003,0.1,0.0,0.1538999999999999,0.0,7.3,,0.0
1626192,Pat Connaughton,CHO,33.0,2.8,0.5,1.5,-4.7,4.8,36,0.588,-6.399999999999999,4.049999999999997,0.3,0.0,0.7776000000000001,0.0,7.3,10739683.0,2.0
1630214,Xavier Tillman,CHO,27.0,1.4,0.4,1.5,-12.4,2.4,26,0.421,-4.25,-1.9500000000000028,0.3,0.1,0.2808,0.0,6.1,,0.0
1641809,Drew Peterson,CHO,26.0,0.8,0.3,1.5,-7.6,0.0,6,0.148,-3.450000000000003,-0.3500000000000014,0.5,0.2,0.0,0.0,10.7,,0.0
1641787,Tosan Evbuomwan,CHO,25.0,0.0,0.0,0.4,-50.0,-1.7199999999999998,5,0.0,-30.0,5.0,0.0,0.0,0.0,0.0,1.5,,0.0
1628378,Donovan Mitchell,CLE,29.0,27.9,5.8,4.5,7.4,6.08,65,0.609,4.600000000000001,-0.8999999999999986,1.5,0.3,1.7783999999999998,0.0,33.5,46394100.0,3.0
201935,James Harden,CLE,36.0,24.0,8.1,5.0,2.6,5.8,64,0.612,4.950000000000003,-3.6499999999999986,1.1,0.4,1.6704,0.0,35.0,39182693.0,2.0
1630596,Evan Mobley,CLE,24.0,18.2,3.6,8.9,5.9,5.32,59,0.593,3.549999999999997,-0.6000000000000014,0.8,1.8,1.41246,0.0,32.3,46394100.0,5.0
1628386,Jarrett Allen,CLE,27.0,15.3,1.9,8.5,6.3,5.76,52,0.672,4.600000000000001,-1.4500000000000028,1.0,0.9,1.34784,0.0,27.4,20000000.0,4.0
1642281,Jaylon Tyson,CLE,23.0,13.1,2.2,5.1,4.0,3.68,64,0.614,3.75,-1.75,0.8,0.4,1.05984,0.0,27.0,3492480.0,3.0
1630241,Sam Merrill,CLE,29.0,13.0,2.3,2.6,7.7,3.3600000000000003,48,0.659,4.950000000000003,-1.0499999999999972,0.6,0.1,0.72576,0.0,26.4,8482144.0,4.0
1629622,Max Strus,CLE,30.0,12.5,2.0,6.5,7.8,4.680000000000001,6,0.726,6.600000000000001,-2.700000000000003,0.5,0.0,0.12636,0.0,23.9,15936452.0,2.0
203471,Dennis Schröder,CLE,32.0,11.0,4.9,2.7,-6.0,3.76,63,0.522,0.1499999999999985,-3.1000000000000014,0.8,0.2,1.06596,0.0,24.7,14104000.0,3.0
1631165,Keon Ellis,CLE,26.0,6.4,0.9,1.8,-5.0,2.28,65,0.578,-0.25,-2.25,1.2,0.7,0.6668999999999999,0.0,20.1,2301587.0,1.0
1628418,Thomas Bryant,CLE,28.0,6.0,0.6,3.2,3.9,4.640000000000001,56,0.615,1.8500000000000016,0.1499999999999985,0.3,0.4,1.16928,0.0,11.6,2296274.0,1.0
1629731,Dean Wade,CLE,29.0,5.8,1.5,4.2,6.7,2.96,57,0.571,3.6499999999999986,-0.2999999999999971,0.8,0.4,0.7592399999999999,0.0,22.4,6623456.0,1.0
1641772,Nae'Qwan Tomlin,CLE,25.0,5.5,0.8,2.7,2.8,2.56,58,0.534,1.6499999999999986,-0.2999999999999971,0.7,0.5,0.66816,0.0,15.2,718150.0,2.0
1642878,Tyrese Proctor,CLE,21.0,4.7,1.3,1.0,-2.9,2.92,44,0.532,0.2000000000000028,-1.6000000000000014,0.4,0.0,0.5781599999999999,0.0,10.2,1272870.0,4.0
1628366,Lonzo Ball,CLE,28.0,4.6,3.9,4.0,1.3,3.08,35,0.432,0.5,0.1499999999999985,1.3,0.3,0.4851,0.0,20.8,10000000.0,1.0
1641854,Craig Porter Jr.,CLE,26.0,4.4,3.2,3.3,3.9,3.64,58,0.516,2.799999999999997,-0.8500000000000014,0.9,0.6,0.95004,0.0,17.6,2221677.0,2.0
1626204,Larry Nance Jr.,CLE,33.0,3.3,0.9,2.5,-3.7,2.24,30,0.49,-1.1000000000000014,-0.75,0.5,0.1,0.3024,0.0,11.9,2296274.0,1.0
1642434,Riley Minix,CLE,25.0,3.2,0.7,0.8,4.9,6.800000000000001,6,0.792,7.299999999999997,-4.799999999999997,0.2,0.0,0.1835999999999999,0.0,3.9,,0.0
1641753,Chris Livingston,CLE,22.0,3.0,0.3,1.0,27.0,4.16,3,0.605,1.9500000000000028,11.6,0.3,0.0,0.0561599999999999,0.0,5.8,,0.0
1631247,Luke Travers,CLE,24.0,2.3,0.8,2.0,-13.2,2.84,12,0.35,-6.350000000000001,-0.25,0.6,0.3,0.1533599999999999,0.0,8.6,,0.0
1642400,Tristan Enaruna,CLE,24.0,2.2,0.5,1.5,10.4,3.2,6,0.395,-3.549999999999997,8.75,0.2,0.0,0.0863999999999999,0.0,5.7,,0.0
1630846,Olivier Sarr,CLE,27.0,1.0,0.0,0.0,-75.0,-3.08,1,0.568,7.5,-45.0,0.0,0.0,0.0,0.0,4.2,,0.0
1642468,Darius Brown,CLE,26.0,0.0,0.0,1.0,-80.0,0.0,1,0.0,-5.0,-35.0,0.0,0.0,0.0,0.0,2.7,,0.0
1642843,Cooper Flagg,DAL,19.0,20.4,4.6,6.6,-4.8,5.0,62,0.55,-0.25,-2.1499999999999986,1.2,0.9,1.395,0.0,33.9,13825920.0,4.0
1630230,Naji Marshall,DAL,28.0,15.5,3.3,4.7,-4.0,4.32,71,0.599,0.0,-2.0,1.1,0.1,1.38024,0.0,29.7,9000000.0,2.0
1629023,P.J. Washington,DAL,27.0,14.1,1.8,7.1,-7.4,3.72,55,0.534,-1.5499999999999972,-2.1499999999999986,1.0,1.1,0.9207,0.0,31.0,14152174.0,5.0
1630314,Brandon Williams,DAL,26.0,12.7,3.8,2.9,-3.2,4.5200000000000005,62,0.569,0.75,-2.3999999999999986,0.9,0.3,1.26108,0.0,21.9,2270735.0,1.0
1631108,Max Christie,DAL,23.0,12.4,2.0,3.3,-6.8,3.16,69,0.606,-0.8500000000000014,-2.549999999999997,0.6,0.3,0.98118,0.0,29.4,7714286.0,3.0
202691,Klay Thompson,DAL,36.0,11.8,1.4,2.1,-4.5,3.12,64,0.545,-2.200000000000003,-0.0499999999999971,0.5,0.3,0.8985599999999999,0.0,21.8,16666667.0,2.0
203114,Khris Middleton,DAL,34.0,10.7,3.0,3.8,-10.3,3.04,55,0.539,0.3500000000000014,-5.5,0.7,0.2,0.7524,0.0,23.6,33296296.0,1.0
1628963,Marvin Bagley III,DAL,27.0,10.3,1.4,6.1,-8.2,4.84,56,0.655,0.2000000000000028,-4.299999999999997,0.5,0.7,1.21968,0.0,20.0,2296274.0,1.0
1629655,Daniel Gafford,DAL,27.0,9.5,1.1,7.0,-7.1,4.680000000000001,51,0.684,-2.3999999999999986,-1.1000000000000014,0.7,1.2,1.07406,0.0,21.9,14386320.0,4.0
1642948,Ryan Nembhard,DAL,23.0,6.2,4.9,1.9,-3.0,3.3600000000000003,53,0.497,0.2999999999999971,-1.75,0.4,0.0,0.80136,0.0,18.5,,0.0
1642967,John Poulakidas,DAL,22.0,5.0,0.6,2.2,-3.9,2.16,5,0.568,-2.3500000000000014,0.3500000000000014,0.6,0.0,0.0486,0.0,13.6,,0.0
1630526,Jeremiah Robinson-Earl,DAL,25.0,4.6,0.7,4.7,-10.2,2.76,22,0.468,-0.3500000000000014,-4.75,0.4,0.0,0.27324,0.0,16.4,131970.0,1.0
1641726,Dereck Lively II,DAL,22.0,4.3,1.9,5.3,6.3,3.76,7,0.67,-0.7000000000000028,3.8500000000000014,0.6,1.6,0.11844,0.0,16.5,5253360.0,2.0
1628997,Caleb Martin,DAL,30.0,3.9,1.4,2.5,-9.2,2.52,58,0.526,-3.549999999999997,-1.0499999999999972,0.7,0.3,0.65772,0.0,14.8,9594044.0,3.0
1630619,Moussa Cisse,DAL,23.0,3.7,0.2,4.9,1.1,3.16,34,0.567,-0.0499999999999971,0.6000000000000014,0.4,1.1,0.4834799999999999,0.0,12.5,,0.0
203939,Dwight Powell,DAL,34.0,3.3,0.9,3.7,2.4,2.84,55,0.698,0.7999999999999972,0.3500000000000014,0.5,0.3,0.7029,0.0,13.6,4000000.0,1.0
1642939,Miles Kelly,DAL,23.0,3.1,0.9,1.7,-5.1,2.56,14,0.484,-4.350000000000001,1.75,0.3,0.1,0.16128,0.0,9.6,,0.0
1642358,AJ Johnson,DAL,21.0,2.7,0.9,1.1,-5.0,1.7599999999999998,41,0.397,-3.450000000000003,0.9500000000000028,0.2,0.0,0.3247199999999999,0.0,8.9,3090480.0,3.0
1641890,Tyler Smith,DAL,21.0,2.2,0.0,1.2,-2.5,1.24,5,0.463,-4.350000000000001,3.1000000000000014,0.2,0.0,0.0278999999999999,0.0,6.7,1955377.0,1.0
203999,Nikola Jokić,DEN,31.0,27.9,10.8,12.9,10.4,8.56,60,0.674,7.799999999999997,-2.6000000000000014,1.4,0.8,2.3112,0.0,34.9,55224526.0,3.0
1627750,Jamal Murray,DEN,29.0,25.5,7.2,4.4,6.3,5.76,71,0.621,7.0,-3.8500000000000014,0.9,0.4,1.8403199999999995,0.0,35.2,46394100.0,4.0
203932,Aaron Gordon,DEN,30.0,16.6,2.5,5.9,13.2,4.92,32,0.624,7.25,-0.6499999999999986,0.6,0.3,0.70848,0.0,27.6,22841455.0,4.0
1631212,Peyton Watson,DEN,23.0,14.8,2.1,4.9,6.0,3.4799999999999995,53,0.594,6.850000000000001,-3.8500000000000014,0.9,1.2,0.8299799999999999,0.0,30.0,4356476.0,1.0
203501,Tim Hardaway Jr.,DEN,34.0,13.8,1.4,2.6,4.7,3.4399999999999995,75,0.628,4.700000000000003,-2.299999999999997,0.5,0.1,1.1609999999999998,0.0,26.9,2296274.0,1.0
1629661,Cameron Johnson,DEN,30.0,11.8,2.3,3.6,8.7,2.8000000000000003,50,0.619,6.75,-2.450000000000003,0.7,0.4,0.63,0.0,30.1,21057065.0,2.0
1631128,Christian Braun,DEN,24.0,11.6,2.8,4.7,9.2,2.92,40,0.601,6.549999999999997,-1.9500000000000028,0.7,0.3,0.5256,0.0,31.6,4921797.0,6.0
202685,Jonas Valančiūnas,DEN,33.0,8.1,1.2,4.8,-4.3,5.68,59,0.621,1.75,-3.8999999999999986,0.2,0.5,1.50804,0.0,13.2,10395000.0,2.0
1628971,Bruce Brown,DEN,29.0,7.8,2.1,3.8,-1.4,2.68,76,0.56,1.75,-2.5,1.0,0.2,0.91656,0.0,24.4,2296274.0,1.0
1631124,Julian Strawther,DEN,23.0,6.6,1.0,2.0,2.5,3.2,51,0.576,2.1499999999999986,-0.8999999999999986,0.4,0.1,0.7343999999999999,0.0,14.5,2674200.0,2.0
1642461,Spencer Jones,DEN,24.0,5.5,0.8,3.3,1.6,1.7999999999999998,64,0.619,3.450000000000003,-2.6499999999999986,0.8,0.5,0.5184,0.0,22.1,623967.0,1.0
1642354,KJ Simpson,DEN,23.0,5.2,2.5,2.0,-0.4,2.72,17,0.428,0.5,-0.6499999999999986,0.9,0.0,0.20808,0.0,14.5,,0.0
1629618,Jalen Pickett,DEN,26.0,5.0,2.3,2.3,-2.1,3.4000000000000004,46,0.546,0.3999999999999986,-1.4500000000000028,0.3,0.1,0.7038,0.0,16.1,2221677.0,2.0
1641747,DaRon Holmes II,DEN,23.0,4.2,0.8,1.4,-3.0,3.64,21,0.7,-0.9500000000000028,-0.6000000000000014,0.0,0.2,0.34398,0.0,9.4,,0.0
1630192,Zeke Nnaji,DEN,25.0,3.7,0.5,2.6,-5.7,2.88,49,0.562,-1.6000000000000014,-1.2999999999999972,0.3,0.4,0.6350399999999999,0.0,11.9,8177778.0,3.0
1626145,Tyus Jones,DEN,29.0,2.9,2.4,1.0,-7.2,2.6,64,0.443,-1.7999999999999972,-1.7999999999999972,0.6,0.0,0.7488,0.0,14.6,7000000.0,1.0
1641816,Hunter Tyson,DEN,25.0,2.2,0.8,1.7,-7.5,2.6,21,0.398,-5.0,1.25,0.1,0.0,0.2457,0.0,7.7,2221677.0,1.0
1642938,Curtis Jones,DEN,24.0,1.3,0.6,0.7,7.4,1.44,7,0.321,0.2000000000000028,3.5,0.1,0.0,0.04536,0.0,4.7,,0.0
1631223,David Roddy,DEN,25.0,1.0,1.0,2.0,-41.7,3.5199999999999996,2,0.258,-20.5,-0.3500000000000014,0.5,0.0,0.03168,0.0,6.1,,0.0
1630595,Cade Cunningham,DET,24.0,24.5,9.9,5.6,10.9,6.44,61,0.567,4.850000000000001,0.5499999999999972,1.5,0.9,1.76778,0.0,34.4,46394100.0,5.0
1631105,Jalen Duren,DET,22.0,19.3,1.8,10.6,12.0,7.119999999999999,64,0.681,4.899999999999999,1.1499999999999986,0.9,0.9,2.05056,0.0,28.0,6483144.0,1.0
202699,Tobias Harris,DET,33.0,13.4,2.5,5.2,8.5,4.44,57,0.565,3.5,0.75,0.9,0.4,1.13886,0.0,28.2,26634146.0,1.0
1629130,Duncan Robinson,DET,31.0,11.9,2.1,2.7,10.3,3.0,71,0.617,5.0,0.2000000000000028,0.6,0.3,0.9585,0.0,27.6,16834692.0,3.0
1641709,Ausar Thompson,DET,23.0,10.0,2.9,5.7,10.3,4.0,65,0.539,3.75,1.4500000000000028,2.0,0.9,1.17,0.0,25.9,8775000.0,2.0
1630191,Isaiah Stewart,DET,24.0,10.0,1.2,5.1,1.8,3.8,55,0.626,1.2999999999999972,-0.3500000000000014,0.3,1.6,0.9405,0.0,23.2,15000000.0,3.0
1628989,Kevin Huerter,DET,27.0,9.9,2.4,3.5,3.3,3.64,62,0.55,1.75,-0.0499999999999971,0.9,0.5,1.0155599999999998,0.0,22.2,17991071.0,1.0
1642450,Daniss Jenkins,DET,24.0,8.7,3.5,2.1,5.8,3.88,64,0.522,1.0499999999999972,1.8500000000000016,0.9,0.2,1.11744,0.0,19.1,3809524.0,2.0
1641842,Ronald Holland II,DET,20.0,8.2,1.3,4.2,5.9,3.5199999999999996,70,0.527,0.1000000000000014,2.8500000000000014,1.2,0.3,1.1087999999999998,0.0,19.9,,0.0
1627747,Caris LeVert,DET,31.0,7.3,2.7,1.9,1.4,3.16,53,0.513,-0.5499999999999972,1.25,0.9,0.6,0.75366,0.0,19.4,14104000.0,2.0
1630194,Paul Reed,DET,26.0,7.2,1.2,4.4,8.1,5.8,57,0.631,1.1499999999999986,2.8500000000000014,0.9,0.8,1.4876999999999998,0.0,13.3,5335894.0,2.0
1629750,Javonte Green,DET,32.0,6.8,0.7,2.7,7.2,3.64,74,0.597,1.3500000000000014,2.25,1.2,0.3,1.21212,0.0,17.7,2296274.0,1.0
1631204,Marcus Sasser,DET,25.0,5.4,2.1,1.1,14.5,3.2,30,0.547,3.8999999999999986,3.3500000000000014,0.7,0.1,0.432,0.0,12.6,2886720.0,2.0
1642449,Tolu Smith,DET,25.0,3.5,0.7,3.3,1.6,4.640000000000001,11,0.592,-2.0,2.799999999999997,0.2,0.5,0.22968,0.0,9.0,,0.0
1642404,Chaz Lanier,DET,24.0,2.6,0.5,0.7,5.0,2.24,28,0.483,0.7000000000000028,1.7999999999999972,0.3,0.0,0.28224,0.0,7.8,1372870.0,4.0
1641732,Colby Jones,DET,23.0,2.0,2.0,4.0,80.0,10.24,1,0.333,11.650000000000006,28.35,0.0,0.0,0.0460799999999999,0.0,6.8,,0.0
1631111,Wendell Moore Jr.,DET,24.0,2.0,0.6,1.2,39.3,2.88,5,0.635,10.799999999999995,8.899999999999999,0.4,0.4,0.0648,0.0,10.9,,0.0
1641752,Bobi Klintman,DET,23.0,1.8,0.5,1.6,-4.3,1.56,12,0.388,-8.75,6.600000000000001,0.3,0.0,0.08424,0.0,5.9,1955377.0,3.0
1642403,Isaac Jones,DET,25.0,1.2,0.2,0.8,-37.4,2.24,6,0.509,-15.200000000000005,-3.5,0.0,0.2,0.06048,0.0,4.4,1955377.0,1.0
201939,Stephen Curry,GSW,38.0,27.2,4.8,3.5,2.3,5.8,39,0.636,4.0,-2.8999999999999986,1.1,0.4,1.0178999999999998,0.0,31.3,59606817.0,2.0
202710,Jimmy Butler III,GSW,36.0,20.0,4.9,5.6,7.3,6.2,38,0.646,3.299999999999997,0.3999999999999986,1.4,0.2,1.0601999999999998,0.0,31.1,,0.0
204001,Kristaps Porziņģis,GSW,30.0,17.3,2.6,4.9,4.1,5.2,28,0.594,2.6000000000000014,-0.5499999999999972,0.6,1.3,0.6552,0.0,23.9,30731707.0,1.0
1641764,Brandin Podziemski,GSW,23.0,13.3,3.8,5.3,0.2,4.44,75,0.572,0.0499999999999971,0.0499999999999971,1.1,0.2,1.4984999999999995,0.0,28.5,3687960.0,2.0
1629001,De'Anthony Melton,GSW,27.0,12.7,2.5,3.2,6.5,3.5599999999999996,43,0.518,3.0,0.25,1.6,0.4,0.6888599999999999,0.0,22.9,3080921.0,2.0
1630541,Moses Moody,GSW,23.0,12.1,1.6,3.3,2.2,3.3200000000000003,60,0.6,0.5499999999999972,0.5499999999999972,1.0,0.6,0.8964000000000001,0.0,25.7,11574075.0,3.0
1630611,Gui Santos,GSW,23.0,8.9,2.3,3.9,0.7,3.92,64,0.617,0.4500000000000028,-0.1000000000000014,0.9,0.3,1.12896,0.0,20.1,2221677.0,1.0
203110,Draymond Green,GSW,36.0,8.6,5.4,5.5,-4.2,3.3200000000000003,62,0.536,-0.5499999999999972,-1.6000000000000014,0.9,0.6,0.92628,0.0,27.5,25892857.0,2.0
201143,Al Horford,GSW,39.0,8.3,2.6,5.0,-1.0,4.16,43,0.554,1.3999999999999986,-1.8999999999999984,0.7,1.2,0.8049599999999999,0.0,21.7,5685000.0,2.0
1642366,Quinten Post,GSW,26.0,7.7,1.4,4.0,2.3,3.5599999999999996,67,0.56,1.2000000000000028,-0.1000000000000014,0.4,0.5,1.07334,0.0,17.3,1955377.0,1.0
1643018,LJ Cryer,GSW,24.0,7.4,0.9,1.7,3.8,2.8000000000000003,15,0.582,-0.5,2.3999999999999986,0.1,0.0,0.189,0.0,15.3,,0.0
1627780,Gary Payton II,GSW,33.0,7.3,1.7,3.6,-3.2,4.48,67,0.628,0.2000000000000028,-1.8500000000000016,0.9,0.3,1.35072,0.0,15.3,2296274.0,1.0
1630311,Pat Spencer,GSW,29.0,6.9,3.5,2.3,-2.5,3.5599999999999996,59,0.519,0.6499999999999986,-1.8999999999999984,0.7,0.1,0.94518,0.0,17.8,857804.0,1.0
1642954,Will Richard,GSW,23.0,6.9,1.4,2.5,-1.8,2.64,64,0.61,0.25,-1.1499999999999986,1.2,0.1,0.76032,0.0,20.4,1272870.0,4.0
1631466,Nate Williams,GSW,27.0,6.2,0.8,1.8,-13.0,2.44,11,0.61,-0.0499999999999971,-6.5,0.3,0.0,0.12078,0.0,13.2,,0.0
203552,Seth Curry,GSW,35.0,5.4,1.4,1.4,-6.7,4.2,5,0.699,0.4500000000000028,-3.799999999999997,0.4,0.0,0.0945,0.0,11.7,1755198.0,1.0
1642502,Malevy Leons,GSW,26.0,2.5,0.5,1.8,-8.3,2.3200000000000003,20,0.495,0.1499999999999985,-4.299999999999997,0.4,0.4,0.2088,0.0,8.7,,0.0
1630209,Omer Yurtseven,GSW,27.0,2.1,0.5,2.8,-9.1,0.52,8,0.382,-2.25,-2.299999999999997,0.3,0.0,0.0187199999999999,0.0,9.4,,0.0
201142,Kevin Durant,HOU,37.0,25.9,4.6,5.4,4.8,5.96,71,0.637,3.5,-1.1000000000000014,0.9,0.9,1.90422,0.0,36.4,54708609.0,3.0
1630578,Alperen Sengun,HOU,23.0,20.7,6.2,9.0,2.7,5.72,65,0.566,3.3500000000000014,-1.9500000000000028,1.2,1.1,1.6731,0.0,33.6,33944954.0,5.0
1641708,Amen Thompson,HOU,23.0,17.9,5.2,7.9,6.1,5.0,72,0.585,3.1499999999999986,-0.1000000000000014,1.5,0.6,1.62,0.0,37.3,9690600.0,2.0
1631095,Jabari Smith Jr.,HOU,22.0,15.6,1.9,6.9,4.0,3.72,70,0.568,3.1000000000000014,-1.1000000000000014,0.8,0.9,1.1718,0.0,35.2,12350392.0,6.0
1642263,Reed Sheppard,HOU,21.0,13.4,3.4,2.9,3.3,3.96,74,0.556,2.3999999999999986,-0.7999999999999972,1.5,0.7,1.31868,0.0,26.3,10603560.0,3.0
1631106,Tari Eason,HOU,24.0,10.4,1.5,6.4,4.7,3.28,52,0.509,2.3500000000000014,0.0,1.2,0.5,0.76752,0.0,25.9,5675766.0,1.0
203500,Steven Adams,HOU,32.0,5.8,1.5,8.6,11.8,4.0,32,0.535,3.6499999999999986,2.25,0.7,0.6,0.576,0.0,22.8,14130434.0,3.0
1628988,Aaron Holiday,HOU,29.0,5.5,1.0,0.9,7.2,2.44,49,0.564,1.5,2.1499999999999986,0.4,0.1,0.5380199999999999,0.0,13.5,2296274.0,1.0
1629006,Josh Okogie,HOU,27.0,4.7,0.8,2.5,4.5,2.24,70,0.551,2.25,0.0,0.8,0.2,0.7056,0.0,17.6,2296274.0,1.0
203991,Clint Capela,HOU,31.0,3.7,0.7,4.7,5.7,4.4,67,0.536,0.2999999999999971,2.549999999999997,0.5,0.9,1.3266,0.0,12.5,6700000.0,3.0
1627827,Dorian Finney-Smith,HOU,32.0,3.1,1.0,2.5,-0.9,1.2,35,0.435,-1.0499999999999972,0.6000000000000014,0.4,0.2,0.189,0.0,16.9,12700000.0,4.0
1630256,Jae'Sean Tate,HOU,30.0,2.6,0.4,1.3,-5.0,2.4,39,0.572,-2.049999999999997,-0.3999999999999986,0.2,0.1,0.4211999999999999,0.0,8.4,2296274.0,1.0
201145,Jeff Green,HOU,39.0,2.3,0.2,0.7,-13.5,3.24,27,0.542,-3.799999999999997,-2.950000000000003,0.0,0.0,0.39366,0.0,5.2,2296274.0,1.0
1631120,JD Davison,HOU,23.0,2.2,1.1,0.9,-2.3,3.0,25,0.474,-1.6499999999999986,0.5,0.2,0.2,0.3374999999999999,0.0,7.3,2270735.0,1.0
1642384,Isaiah Crawford,HOU,24.0,1.3,0.3,0.8,-1.9,2.28,13,0.43,-5.950000000000003,5.0,0.2,0.2,0.13338,0.0,5.9,,0.0
1627783,Pascal Siakam,IND,31.0,23.8,3.8,6.7,-6.0,5.12,60,0.559,0.5,-3.5,1.1,0.4,1.3824,0.0,33.4,45550512.0,3.0
1629614,Andrew Nembhard,IND,26.0,16.9,7.7,2.8,-10.0,4.44,57,0.564,-0.3500000000000014,-4.649999999999999,0.9,0.1,1.13886,0.0,31.3,18102000.0,3.0
1627826,Ivica Zubac,IND,29.0,14.1,2.2,10.6,-2.4,5.2,48,0.622,2.799999999999997,-3.950000000000003,0.4,0.8,1.1232,0.0,30.1,18893980.0,3.0
1630174,Aaron Nesmith,IND,26.0,13.8,1.9,4.2,-7.3,2.68,45,0.554,0.5499999999999972,-4.200000000000003,0.6,0.5,0.5427,0.0,29.7,11000000.0,4.0
1641716,Jarace Walker,IND,22.0,11.5,2.4,5.1,-11.5,3.5999999999999996,73,0.547,-1.6000000000000014,-4.149999999999999,0.8,0.3,1.1826,0.0,25.6,6665520.0,2.0
1630167,Obi Toppin,IND,28.0,10.2,2.2,4.1,-5.2,5.08,17,0.623,2.6499999999999986,-5.25,0.5,0.1,0.3886199999999999,0.0,17.1,14000000.0,3.0
204456,T.J. McConnell,IND,34.0,9.4,5.1,2.2,-7.6,6.0,56,0.567,-0.4500000000000028,-3.3500000000000014,1.0,0.2,1.512,0.0,17.2,10200000.0,4.0
1630643,Jay Huff,IND,28.0,9.3,1.3,3.8,-6.9,3.5999999999999996,75,0.596,-1.6499999999999986,-1.7999999999999972,0.5,1.8,1.215,0.0,20.8,2349578.0,3.0
1630695,Micah Potter,IND,27.0,9.2,1.4,4.4,-7.0,4.44,40,0.686,-0.7999999999999972,-2.700000000000003,0.4,0.4,0.7992,0.0,18.6,1527805.0,2.0
1631245,Quenton Jackson,IND,27.0,8.4,2.4,2.2,-5.2,3.72,42,0.6,-0.9500000000000028,-1.7000000000000028,0.5,0.1,0.70308,0.0,17.1,,0.0
1641767,Ben Sheppard,IND,24.0,7.0,1.7,3.0,-8.8,2.6,63,0.562,-1.4500000000000028,-2.8999999999999986,0.6,0.1,0.7371,0.0,21.3,2790720.0,2.0
1641771,Jalen Slawson,IND,26.0,5.4,2.4,3.9,-0.3,2.96,7,0.488,3.200000000000003,-3.3500000000000014,1.3,1.1,0.09324,0.0,21.2,,0.0
1629726,Garrison Mathews,IND,29.0,5.2,0.7,1.1,-0.7,2.88,15,0.628,-1.3500000000000014,1.0,0.4,0.2,0.1943999999999999,0.0,13.1,429325.0,1.0
1641738,Kobe Brown,IND,26.0,5.2,1.1,2.7,-11.0,2.96,55,0.587,-1.25,-4.25,0.3,0.2,0.7325999999999999,0.0,14.3,2654880.0,2.0
1642277,Johnny Furphy,IND,21.0,5.1,1.2,4.4,-4.6,2.64,35,0.547,0.0499999999999971,-2.3999999999999986,0.6,0.2,0.4158,0.0,18.4,1955377.0,3.0
1630679,Ethan Thompson,IND,26.0,5.0,1.4,1.8,-1.7,1.6,25,0.483,-0.8500000000000014,0.0,0.6,0.3,0.18,0.0,17.1,,0.0
1642880,Kam Jones,IND,24.0,4.1,2.7,1.4,-10.4,2.28,30,0.486,-2.0,-3.200000000000003,0.5,0.0,0.3077999999999999,0.0,15.4,1272870.0,4.0
1628396,Tony Bradley,IND,28.0,4.0,0.5,2.8,-11.6,3.08,38,0.604,-2.450000000000003,-3.3500000000000014,0.2,0.2,0.52668,0.0,11.0,3204816.0,1.0
1643007,Taelon Peter,IND,24.0,3.9,1.0,1.4,-9.6,2.52,31,0.518,-4.25,-0.5499999999999972,0.5,0.1,0.35154,0.0,11.2,,0.0
1630164,James Wiseman,IND,24.0,3.3,0.8,2.0,-9.5,0.4,4,0.597,-8.549999999999997,3.799999999999997,0.0,0.3,0.0072,0.0,14.6,1131970.0,1.0
1628420,Monte Morris,IND,30.0,3.0,1.5,1.2,-20.9,3.04,6,0.414,-13.35,2.8999999999999986,0.2,0.2,0.0820799999999999,0.0,10.8,321184.0,1.0
1628998,Cody Martin,IND,30.0,1.8,0.5,3.5,-20.2,1.7999999999999998,4,0.277,-15.5,5.399999999999999,1.0,0.5,0.0324,0.0,13.8,,0.0
202695,Kawhi Leonard,LAC,34.0,28.2,3.6,6.3,8.1,7.48,59,0.629,5.149999999999999,-1.1000000000000014,1.9,0.4,1.98594,0.0,32.0,50000000.0,2.0
1629636,Darius Garland,LAC,26.0,19.1,6.9,2.4,3.2,4.680000000000001,39,0.599,4.25,-2.6499999999999986,0.9,0.1,0.8213400000000001,0.0,29.7,39446090.0,3.0
1631097,Bennedict Mathurin,LAC,23.0,18.8,2.3,5.6,-3.3,4.28,47,0.583,0.7999999999999972,-2.450000000000003,0.8,0.3,0.90522,0.0,31.0,9187573.0,1.0
1628381,John Collins,LAC,28.0,13.5,1.0,5.2,-0.6,3.84,62,0.646,2.3500000000000014,-2.6499999999999986,0.9,0.8,1.07136,0.0,27.5,26580000.0,1.0
1627884,Derrick Jones Jr.,LAC,29.0,10.7,1.4,3.3,4.0,3.0,43,0.612,3.8999999999999986,-1.8999999999999984,1.0,1.0,0.5805,0.0,27.4,10000000.0,2.0
1641757,Jordan Miller,LAC,26.0,9.6,2.2,3.1,0.1,4.12,53,0.61,2.3999999999999986,-2.3500000000000014,0.8,0.2,0.98262,0.0,21.6,712637.0,2.0
203078,Bradley Beal,LAC,32.0,8.2,1.7,0.8,-9.3,0.72,6,0.476,4.549999999999997,-9.25,0.5,0.0,0.0194399999999999,0.0,20.2,24737010.0,5.0
201572,Brook Lopez,LAC,37.0,8.1,1.3,3.3,2.7,3.0,68,0.554,2.200000000000003,-0.8500000000000014,0.7,1.2,0.918,0.0,21.2,8750000.0,2.0
1627739,Kris Dunn,LAC,32.0,7.5,3.6,3.3,1.3,3.0,75,0.587,2.3999999999999986,-1.75,1.6,0.2,1.0125,0.0,27.5,5426400.0,2.0
203992,Bogdan Bogdanović,LAC,33.0,7.3,2.4,2.7,-5.2,2.64,21,0.507,-1.1000000000000014,-1.5,0.5,0.0,0.24948,0.0,20.4,16020000.0,2.0
1642920,Kobe Sanders,LAC,23.0,7.0,1.6,2.3,-0.8,2.3200000000000003,61,0.586,1.4500000000000028,-1.8500000000000016,0.7,0.1,0.6368400000000001,0.0,20.2,475497.0,2.0
1630543,Isaiah Jackson,LAC,24.0,6.7,0.9,5.3,-2.9,4.16,55,0.653,0.8999999999999986,-2.3500000000000014,0.7,0.9,1.0295999999999998,0.0,16.5,7600000.0,3.0
1642949,Yanic Konan Niederhäuser,LAC,23.0,4.3,0.3,2.9,4.5,3.92,41,0.691,1.9500000000000028,0.2999999999999971,0.1,0.7,0.7232399999999999,0.0,10.3,2743800.0,4.0
201587,Nicolas Batum,LAC,37.0,4.1,0.9,2.6,0.0,2.36,69,0.596,1.75,-1.75,0.7,0.3,0.7327799999999999,0.0,18.1,5601600.0,2.0
1642951,Sean Pedulla,LAC,23.0,3.3,1.0,0.5,-27.8,2.88,4,0.5,-7.149999999999999,-6.700000000000003,0.0,0.0,0.05184,0.0,5.8,,0.0
1642353,Cam Christie,LAC,20.0,3.1,0.6,1.5,-1.4,3.04,49,0.5,-1.25,0.5499999999999972,0.3,0.1,0.6703199999999999,0.0,9.3,1955377.0,3.0
101108,Chris Paul,LAC,40.0,2.9,3.3,1.8,-17.3,2.56,16,0.413,-5.299999999999997,-3.299999999999997,0.7,0.0,0.1843199999999999,0.0,14.2,2296274.0,1.0
1641807,Norchad Omier,LAC,24.0,2.7,0.3,1.3,-65.7,4.72,3,0.8,-1.2999999999999972,-31.549999999999997,0.3,0.0,0.06372,0.0,4.7,,0.0
1631102,TyTy Washington Jr.,LAC,24.0,2.1,1.4,0.3,-26.3,3.5599999999999996,10,0.583,-3.0,-10.150000000000006,0.4,0.2,0.1601999999999999,0.0,6.6,,0.0
1643141,Jahmyl Telfort,LAC,24.0,0.1,0.1,0.4,-8.9,-2.56,8,0.087,-8.0,3.549999999999997,0.1,0.0,0.0,0.0,4.0,,0.0
1629029,Luka Dončić,LAL,27.0,33.7,8.2,7.8,4.0,7.56,62,0.615,4.600000000000001,-2.6000000000000014,1.6,0.5,2.10924,0.0,36.0,45999660.0,4.0
1630559,Austin Reaves,LAL,27.0,23.6,5.5,4.7,5.7,5.5600000000000005,48,0.644,3.8999999999999986,-1.0499999999999972,1.1,0.4,1.20096,0.0,34.8,13937574.0,2.0
2544,LeBron James,LAL,41.0,20.9,6.9,6.0,1.6,5.92,53,0.591,2.3500000000000014,-1.5499999999999972,1.1,0.6,1.4119199999999998,0.0,33.6,52627153.0,1.0
1629028,Deandre Ayton,LAL,27.0,12.3,0.8,8.3,-0.6,4.640000000000001,64,0.677,2.8500000000000014,-3.1499999999999986,0.6,0.9,1.33632,0.0,27.5,33654814.0,2.0
1629060,Rui Hachimura,LAL,28.0,11.1,0.8,3.2,1.4,2.8000000000000003,60,0.615,3.200000000000003,-2.5,0.6,0.3,0.756,0.0,28.5,18259259.0,1.0
203935,Marcus Smart,LAL,32.0,9.5,2.8,2.8,6.4,2.3200000000000003,60,0.547,3.700000000000003,-0.4500000000000028,1.4,0.4,0.6264,0.0,28.7,19920855.0,2.0
1631222,Jake LaRavia,LAL,24.0,8.3,1.8,3.8,-1.5,2.68,74,0.571,2.799999999999997,-3.549999999999997,1.2,0.4,0.89244,0.0,24.6,6000000.0,2.0
1628379,Luke Kennard,LAL,29.0,8.0,1.9,2.2,-0.1,3.4399999999999995,70,0.707,1.8999999999999984,-1.9500000000000028,0.6,0.1,1.0836,0.0,20.9,11000000.0,1.0
1629637,Jaxson Hayes,LAL,25.0,7.1,0.9,4.1,2.6,4.24,62,0.745,2.549999999999997,-1.25,0.4,0.8,1.18296,0.0,18.1,3449323.0,1.0
1641733,Nick Smith Jr.,LAL,21.0,5.8,1.1,0.8,-4.2,2.44,25,0.53,0.2000000000000028,-2.25,0.4,0.1,0.2744999999999999,0.0,12.7,2710680.0,1.0
1629020,Jarred Vanderbilt,LAL,26.0,4.4,1.2,4.5,-0.1,3.04,58,0.546,2.1000000000000014,-2.200000000000003,0.8,0.3,0.7934399999999999,0.0,17.5,11571429.0,3.0
1642261,Dalton Knecht,LAL,24.0,4.2,0.3,1.4,-7.8,2.6,48,0.55,-2.549999999999997,-1.3500000000000014,0.2,0.2,0.5616,0.0,10.6,4010160.0,3.0
1631166,Drew Timme,LAL,25.0,3.4,0.8,1.3,1.9,3.72,21,0.666,0.8500000000000014,0.1000000000000014,0.2,0.0,0.35154,0.0,8.5,1955377.0,1.0
1641723,Kobe Bufkin,LAL,22.0,3.0,0.5,0.8,-20.8,1.28,11,0.397,-5.5,-4.899999999999999,0.2,0.3,0.06336,0.0,8.2,5480297.0,2.0
1642355,Bronny James,LAL,21.0,2.1,1.1,0.5,-7.6,2.48,34,0.513,-1.2000000000000028,-2.6000000000000014,0.4,0.1,0.37944,0.0,7.1,1955377.0,3.0
1628467,Maxi Kleber,LAL,34.0,2.1,0.6,1.9,3.9,1.64,37,0.537,2.700000000000003,-0.75,0.4,0.3,0.27306,0.0,10.7,11000000.0,1.0
1642876,Adou Thiero,LAL,21.0,1.5,0.3,1.0,-5.2,1.7999999999999998,20,0.532,0.2999999999999971,-2.8999999999999986,0.3,0.1,0.1619999999999999,0.0,5.3,1272870.0,3.0
1643024,Chris Mañon,LAL,24.0,0.3,0.2,1.0,-7.7,2.96,6,0.347,-7.850000000000001,4.0,0.5,0.3,0.0799199999999999,0.0,4.2,,0.0
1629660,Ty Jerome,MEM,28.0,19.7,5.7,2.8,-5.0,6.48,15,0.616,6.100000000000001,-8.600000000000001,1.1,0.3,0.4374,0.0,22.6,8781000.0,3.0
1629630,Ja Morant,MEM,26.0,19.5,8.1,3.3,-4.4,5.12,20,0.521,-0.25,-1.9500000000000028,1.0,0.3,0.4608,0.0,28.4,39446090.0,3.0
1630583,Santi Aldama,MEM,25.0,14.0,2.9,6.7,-2.4,4.6000000000000005,43,0.572,1.7999999999999972,-3.0,0.9,0.7,0.8901,0.0,27.9,18485916.0,3.0
1641744,Zach Edey,MEM,23.0,13.6,1.1,11.1,18.3,6.28,11,0.669,1.3999999999999986,7.75,0.6,1.9,0.31086,0.0,25.8,6045000.0,3.0
1642907,Cedric Coward,MEM,22.0,13.5,2.8,6.1,0.4,4.44,57,0.58,1.3999999999999986,-1.2000000000000028,0.6,0.4,1.13886,0.0,25.9,5715120.0,4.0
1642377,Jaylen Wells,MEM,22.0,12.5,1.6,3.2,-4.4,2.76,69,0.559,1.7000000000000028,-3.8999999999999986,0.9,0.1,0.85698,0.0,26.4,1955377.0,3.0
1641713,GG Jackson,MEM,21.0,12.0,1.4,4.3,-3.6,4.08,51,0.578,1.5499999999999972,-3.3500000000000014,0.6,0.8,0.93636,0.0,21.3,,0.0
1630590,Scotty Pippen Jr.,MEM,25.0,11.4,4.7,2.2,-11.5,3.4399999999999995,10,0.537,-1.4500000000000028,-4.350000000000001,1.9,0.4,0.1547999999999999,0.0,21.2,2270735.0,3.0
1642285,Cam Spencer,MEM,25.0,11.1,5.5,2.6,-3.7,4.8,69,0.642,0.75,-2.6000000000000014,0.7,0.2,1.4903999999999995,0.0,24.0,2537989.0,4.0
1631174,Tyler Burton,MEM,26.0,10.2,1.1,4.3,-20.6,2.16,10,0.495,-2.8500000000000014,-7.450000000000003,1.0,0.4,0.0972,0.0,25.6,,0.0
1641765,Olivier-Maxence Prosper,MEM,23.0,9.5,1.0,3.5,-10.4,4.0,50,0.655,-0.2999999999999971,-4.899999999999999,0.7,0.2,0.8999999999999999,0.0,18.5,1002360.0,3.0
1642914,Javon Small,MEM,23.0,9.2,3.7,3.1,-3.6,4.44,38,0.616,0.8999999999999986,-2.6499999999999986,0.8,0.2,0.7592399999999999,0.0,19.8,,0.0
203484,Kentavious Caldwell-Pope,MEM,33.0,8.4,2.7,2.5,-4.5,3.3200000000000003,51,0.533,0.3999999999999986,-2.6499999999999986,0.8,0.2,0.7619400000000001,0.0,21.3,21621500.0,2.0
1630610,DeJon Jarreau,MEM,28.0,8.0,3.3,4.6,-21.8,3.2,9,0.486,-5.0,-5.899999999999999,0.9,0.4,0.1296,0.0,19.8,,0.0
1642383,Walter Clayton Jr.,MEM,23.0,7.4,3.9,2.0,-8.1,2.76,64,0.507,1.0499999999999972,-5.100000000000001,0.7,0.3,0.79488,0.0,20.1,,0.0
1641707,Taylor Hendricks,MEM,22.0,7.2,1.0,3.7,-11.9,3.0,55,0.555,-1.2999999999999972,-4.649999999999999,0.8,0.5,0.7424999999999999,0.0,18.9,6127080.0,2.0
1643133,Lawson Lovering,MEM,22.0,7.0,1.5,7.5,-0.1,2.8000000000000003,2,0.574,0.25,-0.2999999999999971,1.5,0.5,0.0252,0.0,24.6,87784.0,1.0
1642942,Jahmai Mashack,MEM,23.0,5.4,1.4,2.2,-4.5,1.6,25,0.466,0.9500000000000028,-3.200000000000003,1.2,0.5,0.18,0.0,19.2,,0.0
1641712,Rayan Rupert,MEM,21.0,4.3,0.8,2.5,-10.5,1.92,60,0.492,-2.6000000000000014,-2.6000000000000014,0.8,0.1,0.5184,0.0,15.5,2353647.0,1.0
1629634,Brandon Clarke,MEM,29.0,4.0,0.5,3.0,-22.2,0.92,2,0.372,-11.1,0.0,1.0,0.0,0.00828,0.0,10.2,12500000.0,2.0
201959,Taj Gibson,MEM,40.0,4.0,0.6,2.1,-4.8,4.12,7,0.678,-6.0,3.6000000000000014,0.3,0.1,0.1297799999999999,0.0,9.3,,0.0
1642380,Adama Bal,MEM,22.0,3.0,3.0,2.0,-10.9,-0.68,1,0.188,-1.8500000000000016,-3.6000000000000014,2.0,0.0,0.0,0.0,27.6,,0.0
1626181,Norman Powell,MIA,32.0,22.1,2.6,3.6,1.5,4.5600000000000005,55,0.611,2.450000000000003,-1.7000000000000028,1.1,0.3,1.1286,0.0,30.1,20482758.0,1.0
1629639,Tyler Herro,MIA,26.0,21.3,3.9,4.7,-2.4,5.08,28,0.609,1.6000000000000014,-2.75,0.8,0.3,0.64008,0.0,31.1,31000000.0,2.0
1628389,Bam Adebayo,MIA,28.0,20.1,3.0,9.9,5.9,5.48,66,0.545,3.049999999999997,-0.1000000000000014,1.2,0.7,1.62756,0.0,32.1,37096620.0,4.0
203952,Andrew Wiggins,MIA,31.0,15.6,2.7,5.0,-0.3,3.8,61,0.582,1.2999999999999972,-1.4500000000000028,1.1,1.0,1.0431,0.0,30.6,28223215.0,2.0
1631170,Jaime Jaquez Jr.,MIA,25.0,15.0,4.7,5.0,3.6,4.44,68,0.561,2.0,-0.2000000000000028,0.7,0.3,1.3586399999999998,0.0,28.2,3861600.0,2.0
1642276,Kel'el Ware,MIA,21.0,11.1,0.6,9.1,-0.2,5.48,70,0.61,1.2999999999999972,-1.3999999999999986,0.8,1.1,1.7262,0.0,22.3,4443360.0,3.0
1641796,Pelle Larsson,MIA,25.0,11.0,3.3,3.4,1.7,3.3600000000000003,64,0.608,2.200000000000003,-1.2999999999999972,0.7,0.2,0.96768,0.0,26.0,1955377.0,2.0
1630558,Davion Mitchell,MIA,27.0,9.0,6.5,2.7,4.8,3.28,64,0.575,3.200000000000003,-0.7999999999999972,1.0,0.2,0.94464,0.0,28.4,11600000.0,2.0
1631323,Simone Fontecchio,MIA,30.0,8.4,1.4,3.0,3.5,3.5199999999999996,66,0.565,1.5499999999999972,0.2000000000000028,0.5,0.1,1.04544,0.0,16.9,8307692.0,1.0
1631107,Nikola Jović,MIA,22.0,7.4,2.2,3.3,0.3,3.0,46,0.481,-0.2999999999999971,0.4500000000000028,0.6,0.4,0.6209999999999999,0.0,17.3,4445417.0,5.0
1642857,Kasparas Jakučionis,MIA,19.0,6.0,2.4,2.6,2.4,2.88,48,0.607,2.1000000000000014,-0.8999999999999986,0.6,0.1,0.6220799999999999,0.0,17.6,3658800.0,4.0
1630696,Dru Smith,MIA,28.0,5.8,2.7,2.6,-1.8,3.68,67,0.534,-1.25,0.3999999999999986,1.5,0.3,1.1095199999999998,0.0,16.8,2378870.0,3.0
1642066,Myron Gardner,MIA,24.0,3.9,1.0,2.9,6.7,3.76,41,0.609,2.200000000000003,1.1499999999999986,0.5,0.2,0.69372,0.0,9.6,395029.0,3.0
1642352,Keshad Johnson,MIA,24.0,3.7,0.1,1.9,6.7,3.0,27,0.543,2.450000000000003,0.8500000000000014,0.4,0.3,0.3645,0.0,7.8,1955377.0,1.0
1642443,Jahmir Young,MIA,25.0,1.8,0.5,0.4,-11.5,1.16,11,0.437,-0.6499999999999986,-5.100000000000001,0.1,0.0,0.05742,0.0,4.6,,0.0
1642884,Vladislav Goldin,MIA,24.0,0.8,0.4,0.8,-32.3,3.68,5,0.667,-12.6,-3.549999999999997,0.0,0.2,0.0827999999999999,0.0,2.8,,0.0
1631211,Trevor Keels,MIA,22.0,0.0,0.0,0.5,-86.7,-8.0,4,0.0,-48.35,5.0,0.0,0.0,0.0,0.0,1.2,,0.0
203507,Giannis Antetokounmpo,MIL,31.0,27.6,5.4,9.8,4.4,8.52,36,0.658,4.700000000000003,-2.450000000000003,0.9,0.7,1.38024,0.0,28.9,54126450.0,3.0
1629645,Kevin Porter Jr.,MIL,25.0,17.4,7.4,5.2,-4.7,5.28,38,0.567,0.7000000000000028,-3.049999999999997,2.2,0.5,0.90288,0.0,33.2,5134000.0,2.0
1631157,Ryan Rollins,MIL,23.0,17.0,5.6,4.6,-3.9,4.36,71,0.579,1.3500000000000014,-3.299999999999997,1.5,0.4,1.39302,0.0,32.0,4000000.0,3.0
1626171,Bobby Portis,MIL,31.0,13.7,1.6,6.4,-8.2,4.88,67,0.587,0.1000000000000014,-4.200000000000003,0.6,0.2,1.47132,0.0,24.2,13445754.0,3.0
1630560,Cam Thomas,MIL,24.0,13.5,2.6,1.7,-12.1,3.5599999999999996,42,0.53,0.8500000000000014,-6.899999999999999,0.2,0.1,0.67284,0.0,21.0,6837779.0,1.0
1628398,Kyle Kuzma,MIL,30.0,13.1,2.6,4.5,-6.3,3.76,65,0.581,0.3500000000000014,-3.5,0.6,0.4,1.0998,0.0,26.4,22410605.0,2.0
1626167,Myles Turner,MIL,30.0,11.9,1.5,5.3,-6.6,3.4000000000000004,67,0.586,-0.25,-3.049999999999997,0.7,1.5,1.0251,0.0,27.1,25318251.0,4.0
1631260,AJ Green,MIL,26.0,9.6,1.9,2.5,-3.4,2.16,70,0.613,1.4500000000000028,-3.1499999999999986,0.5,0.1,0.6803999999999999,0.0,28.5,2301587.0,5.0
1629018,Gary Trent Jr.,MIL,27.0,8.2,1.2,1.0,-12.5,1.96,62,0.542,-0.8500000000000014,-5.399999999999999,0.5,0.0,0.54684,0.0,21.4,3697105.0,2.0
1627752,Taurean Prince,MIL,32.0,7.0,1.4,2.5,-5.5,2.16,19,0.577,0.9500000000000028,-3.700000000000003,0.6,0.2,0.18468,0.0,21.6,3303774.0,2.0
1630175,Cole Anthony,MIL,25.0,6.7,3.5,2.5,-9.7,3.28,35,0.483,-3.299999999999997,-1.5499999999999972,0.6,0.3,0.5166,0.0,15.0,5996274.0,3.0
1631172,Ousmane Dieng,MIL,22.0,6.3,1.8,2.6,-9.0,2.84,49,0.536,-1.5,-3.0,0.4,0.3,0.6262199999999999,0.0,17.0,6670882.0,1.0
1642504,Cormac Ryan,MIL,27.0,5.0,0.3,0.3,-6.3,1.6,4,0.581,0.0499999999999971,-3.25,0.8,0.3,0.0288,0.0,9.9,,0.0
1631250,Pete Nance,MIL,26.0,4.7,0.8,2.4,-4.4,3.08,41,0.645,0.5,-2.75,0.3,0.2,0.56826,0.0,14.2,,0.0
1630579,Jericho Sims,MIL,27.0,4.3,1.2,5.0,-12.7,3.24,59,0.811,-0.9500000000000028,-5.399999999999999,0.2,0.2,0.86022,0.0,18.2,2461463.0,2.0
1641813,Mark Sears,MIL,24.0,3.1,0.3,0.3,21.4,3.12,7,0.666,6.600000000000001,4.100000000000001,0.0,0.0,0.09828,0.0,3.7,,0.0
203914,Gary Harris,MIL,31.0,2.6,1.0,1.2,-8.6,1.92,45,0.611,-1.7999999999999972,-2.5,0.6,0.2,0.3888,0.0,13.7,3634153.0,2.0
1641748,Andre Jackson Jr.,MIL,24.0,2.0,0.8,1.3,-7.3,1.88,41,0.441,-3.549999999999997,-0.1000000000000014,0.4,0.0,0.34686,0.0,7.4,2221677.0,2.0
203648,Thanasis Antetokounmpo,MIL,33.0,1.2,0.3,0.9,3.8,5.04,30,0.551,-8.0,9.9,0.3,0.2,0.6804,0.0,3.7,2296274.0,1.0
1630162,Anthony Edwards,MIN,24.0,29.5,3.7,5.1,3.4,5.92,58,0.621,4.0,-2.3500000000000014,1.4,0.8,1.5451199999999998,0.0,35.5,45550512.0,4.0
203944,Julius Randle,MIN,31.0,20.9,5.1,6.8,3.8,5.08,74,0.58,3.6000000000000014,-1.7000000000000028,1.1,0.2,1.6916399999999998,0.0,33.1,30864198.0,3.0
1630183,Jaden McDaniels,MIN,25.0,14.8,2.7,4.2,3.4,3.5199999999999996,71,0.617,2.700000000000003,-0.9500000000000028,1.1,1.0,1.12464,0.0,31.9,24393104.0,4.0
1630245,Ayo Dosunmu,MIN,26.0,14.5,3.5,3.2,-2.1,4.44,63,0.632,0.7000000000000028,-1.75,0.8,0.3,1.25874,0.0,26.8,7518518.0,1.0
1629675,Naz Reid,MIN,26.0,13.6,2.3,6.3,3.2,4.6000000000000005,71,0.573,1.7000000000000028,-0.0499999999999971,1.0,1.0,1.4697,0.0,26.1,21551724.0,5.0
1628978,Donte DiVincenzo,MIN,29.0,12.4,4.0,4.3,6.8,3.4799999999999995,74,0.573,3.3500000000000014,0.1000000000000014,1.3,0.4,1.15884,0.0,30.9,11990000.0,2.0
203497,Rudy Gobert,MIN,33.0,11.1,1.7,11.5,5.2,4.92,71,0.671,1.6499999999999986,0.9500000000000028,0.8,1.7,1.57194,0.0,31.4,35000000.0,3.0
1630538,Bones Hyland,MIN,25.0,8.0,2.6,1.6,4.6,3.88,65,0.598,1.7000000000000028,0.5499999999999972,0.6,0.2,1.1349,0.0,15.9,2296274.0,1.0
203937,Kyle Anderson,MIN,32.0,6.3,2.7,3.4,-3.7,3.72,36,0.58,-1.3999999999999986,-0.4500000000000028,1.0,0.5,0.60264,0.0,19.6,9219512.0,1.0
201144,Mike Conley,MIN,38.0,4.1,3.0,1.8,-0.3,2.4,49,0.485,0.6499999999999986,-0.75,0.6,0.3,0.5292,0.0,18.1,11499872.0,1.0
1630545,Terrence Shannon Jr.,MIN,25.0,4.1,0.7,1.1,-11.9,1.84,35,0.548,-1.1000000000000014,-4.850000000000001,0.3,0.0,0.2897999999999999,0.0,11.5,2674080.0,3.0
1641740,Jaylen Clark,MIN,24.0,3.9,0.5,1.8,5.0,2.12,62,0.53,1.25,1.25,0.6,0.1,0.59148,0.0,12.6,2191897.0,1.0
1642866,Joan Beringer,MIN,19.0,2.9,0.2,1.9,5.3,3.5599999999999996,34,0.645,2.6499999999999986,0.0,0.1,0.4,0.5446799999999999,0.0,6.6,4201080.0,4.0
1641763,Julian Phillips,MIN,22.0,2.6,0.2,1.0,-2.8,2.12,44,0.545,-1.7999999999999972,0.3999999999999986,0.5,0.2,0.4197599999999999,0.0,8.4,2221677.0,2.0
1630548,Johnny Juzang,MIN,25.0,2.0,0.3,0.8,-4.6,3.4000000000000004,21,0.518,-2.3500000000000014,0.0499999999999971,0.1,0.0,0.3213,0.0,4.2,,0.0
1642389,Zyon Pullin,MIN,25.0,2.0,1.5,0.0,-41.1,5.08,2,1.064,-11.25,-9.299999999999995,0.5,0.0,0.04572,0.0,3.1,,0.0
1642911,Rocco Zikarsky,MIN,19.0,1.5,0.0,1.3,-3.7,4.28,4,0.6,4.100000000000001,-5.950000000000003,0.0,0.8,0.07704,0.0,4.1,,0.0
204060,Joe Ingles,MIN,38.0,0.8,0.8,0.4,-6.9,2.76,25,0.684,-1.2000000000000028,-2.25,0.3,0.0,0.3105,0.0,4.1,2296274.0,1.0
1642402,Enrique Freeman,MIN,25.0,0.0,0.0,1.5,36.3,4.680000000000001,2,0.0,0.0,18.15,0.0,0.5,0.04212,0.0,4.0,,0.0
1630530,Trey Murphy III,NOP,25.0,21.7,3.8,5.7,-3.3,4.92,64,0.614,2.0,-3.700000000000003,1.5,0.3,1.41696,0.0,35.5,25000000.0,4.0
1629627,Zion Williamson,NOP,25.0,21.3,3.2,5.7,-1.6,5.68,59,0.646,1.7000000000000028,-2.5,1.0,0.5,1.50804,0.0,29.8,39446090.0,3.0
1630180,Saddiq Bey,NOP,26.0,17.4,2.6,5.6,-3.3,4.5200000000000005,69,0.581,1.7999999999999972,-3.450000000000003,0.9,0.1,1.4034600000000002,0.0,31.1,6118644.0,2.0
1627749,Dejounte Murray,NOP,29.0,17.3,6.5,5.2,4.6,5.6000000000000005,13,0.588,3.950000000000003,-1.7000000000000028,1.6,0.2,0.3276,0.0,27.8,30801103.0,3.0
1642847,Jeremiah Fears,NOP,19.0,13.0,3.3,3.5,-7.4,3.4799999999999995,76,0.513,0.5,-4.25,1.1,0.3,1.19016,0.0,24.9,7520040.0,4.0
1629673,Jordan Poole,NOP,26.0,12.9,3.0,1.9,-7.4,2.88,37,0.524,-0.5499999999999972,-3.1499999999999986,0.5,0.4,0.4795199999999999,0.0,23.6,31848215.0,2.0
1642852,Derik Queen,NOP,21.0,11.4,3.6,6.8,-6.9,4.36,75,0.547,1.1000000000000014,-4.549999999999997,0.9,0.9,1.4715,0.0,24.4,5157960.0,4.0
1630529,Herbert Jones,NOP,27.0,9.0,2.8,3.4,-1.0,2.12,53,0.49,1.7000000000000028,-2.200000000000003,1.6,0.5,0.50562,0.0,29.1,13937574.0,5.0
1631121,Bryce McGowens,NOP,23.0,8.1,1.5,2.1,-3.6,2.68,42,0.61,2.6499999999999986,-4.450000000000003,0.6,0.2,0.50652,0.0,21.0,724598.0,3.0
1631255,Karlo Matković,NOP,24.0,5.7,0.8,3.7,-4.4,4.32,62,0.696,-1.3999999999999986,-0.7999999999999972,0.4,0.9,1.20528,0.0,14.7,1955377.0,2.0
1642274,Yves Missi,NOP,21.0,5.5,1.3,5.7,-1.6,3.4000000000000004,63,0.549,1.3999999999999986,-2.200000000000003,0.3,1.5,0.9639,0.0,19.3,3353040.0,3.0
201599,DeAndre Jordan,NOP,37.0,4.4,0.9,6.3,-2.4,4.76,12,0.671,0.0,-1.1499999999999986,0.3,0.8,0.25704,0.0,16.6,2269880.0,1.0
1641722,Jordan Hawkins,NOP,23.0,3.9,0.7,1.5,-11.2,1.6800000000000002,46,0.441,-2.1000000000000014,-3.450000000000003,0.2,0.2,0.34776,0.0,12.3,4741320.0,2.0
1642877,Micah Peavy,NOP,24.0,3.8,0.9,1.8,-6.1,1.7199999999999998,55,0.434,-0.6000000000000014,-2.450000000000003,0.6,0.1,0.4256999999999999,0.0,13.2,1272870.0,4.0
1641725,Trey Alexander,NOP,22.0,2.8,1.0,0.8,-1.4,3.8,5,0.778,3.799999999999997,-4.5,0.2,0.2,0.0854999999999999,0.0,8.3,,0.0
1626172,Kevon Looney,NOP,30.0,2.7,1.3,5.3,-13.2,3.5999999999999996,19,0.452,-3.3999999999999986,-3.200000000000003,0.3,0.5,0.3077999999999999,0.0,13.4,8000000.0,2.0
1630621,Hunter Dickinson,NOP,25.0,2.0,0.0,0.0,-120.0,-5.5600000000000005,1,0.5,-25.0,-35.0,0.0,1.0,0.0,0.0,4.7,,0.0
1628973,Jalen Brunson,NYK,29.0,26.3,6.7,3.4,6.2,5.44,69,0.581,5.100000000000001,-1.9500000000000028,0.8,0.1,1.68912,0.0,35.0,34944001.0,4.0
1626157,Karl-Anthony Towns,NYK,30.0,20.0,2.8,11.9,7.4,6.12,70,0.615,4.350000000000001,-0.6499999999999986,0.9,0.5,1.9277999999999995,0.0,30.9,53142264.0,3.0
1628384,OG Anunoby,NYK,28.0,16.7,2.2,5.1,8.8,3.88,61,0.617,4.299999999999997,0.1000000000000014,1.6,0.7,1.06506,0.0,33.2,39568966.0,4.0
1628969,Mikal Bridges,NYK,29.0,14.7,3.8,4.0,5.9,4.0,75,0.583,3.75,-0.75,1.3,0.8,1.35,0.0,33.4,24900000.0,5.0
1630540,Miles McBride,NYK,25.0,12.5,2.7,2.6,10.1,3.4000000000000004,36,0.587,5.600000000000001,-0.5499999999999972,0.8,0.2,0.5508,0.0,27.5,4333333.0,2.0
1628404,Josh Hart,NYK,31.0,12.3,5.0,7.6,5.6,4.88,60,0.612,3.8999999999999986,-1.1000000000000014,1.2,0.3,1.3176,0.0,30.3,19472240.0,3.0
1629013,Landry Shamet,NYK,29.0,9.6,1.5,1.8,8.0,2.84,46,0.602,2.5,1.4500000000000028,0.6,0.2,0.5878799999999998,0.0,23.0,2296274.0,1.0
203903,Jordan Clarkson,NYK,33.0,8.9,1.3,1.7,2.5,2.64,65,0.548,2.450000000000003,-1.1499999999999986,0.4,0.1,0.7722,0.0,18.2,12947835.0,1.0
1630631,Jose Alvarado,NYK,27.0,7.1,3.4,2.4,0.9,3.3600000000000003,64,0.536,0.7000000000000028,-0.2999999999999971,0.9,0.1,0.96768,0.0,19.7,4500000.0,2.0
1629011,Mitchell Robinson,NYK,27.0,5.4,0.9,8.8,8.2,4.76,56,0.668,4.0,0.1000000000000014,0.9,1.2,1.19952,0.0,19.6,12954546.0,1.0
1642278,Tyler Kolek,NYK,25.0,4.4,2.7,1.6,5.2,3.92,59,0.527,0.4500000000000028,2.1499999999999986,0.4,0.1,1.04076,0.0,11.8,2191897.0,3.0
1642885,Mohamed Diawara,NYK,20.0,3.6,0.7,1.4,5.4,3.04,64,0.563,1.1000000000000014,1.6000000000000014,0.2,0.1,0.87552,0.0,8.9,1272870.0,1.0
1631110,Jeremy Sochan,NYK,22.0,3.4,0.9,2.3,-6.9,2.92,40,0.549,-1.75,-1.7000000000000028,0.4,0.2,0.5256,0.0,10.6,7874853.0,1.0
1630574,Ariel Hukporti,NYK,23.0,1.8,0.5,2.8,1.2,3.0,49,0.608,-2.299999999999997,2.8999999999999986,0.2,0.5,0.6615,0.0,8.8,1955377.0,1.0
1641755,Kevin McCullar Jr.,NYK,25.0,1.8,1.0,1.3,-13.2,2.2,20,0.471,-5.899999999999999,-0.6499999999999986,0.4,0.0,0.198,0.0,6.5,,0.0
1641794,Dillon Jones,NYK,24.0,1.2,0.7,1.0,9.9,2.84,6,0.451,3.450000000000003,1.5,0.3,0.0,0.0766799999999999,0.0,4.5,2753280.0,1.0
1642359,Pacôme Dadiet,NYK,20.0,1.2,0.4,0.8,6.5,3.92,25,0.458,-4.5,7.75,0.1,0.0,0.441,0.0,3.7,2847600.0,3.0
1641998,Trey Jemison III,NYK,26.0,0.8,0.3,1.5,-11.3,1.32,11,0.605,-6.5,0.8500000000000014,0.1,0.2,0.06534,0.0,5.5,,0.0
1628983,Shai Gilgeous-Alexander,OKC,27.0,31.4,6.5,4.3,14.8,8.32,63,0.664,5.350000000000001,2.049999999999997,1.4,0.8,2.35872,0.0,33.4,38333050.0,6.0
1631114,Jalen Williams,OKC,24.0,17.3,5.3,4.5,8.7,5.32,30,0.556,3.1499999999999986,1.25,1.2,0.3,0.7182000000000001,0.0,28.5,6580997.0,6.0
1631096,Chet Holmgren,OKC,23.0,17.1,1.7,8.9,14.6,6.08,64,0.648,3.75,3.549999999999997,0.5,1.8,1.75104,0.0,29.3,13731368.0,6.0
1642349,Ajay Mitchell,OKC,23.0,14.0,3.6,3.5,14.6,4.76,52,0.59,3.8500000000000014,3.5,1.3,0.3,1.11384,0.0,26.1,3000000.0,3.0
1630198,Isaiah Joe,OKC,26.0,10.8,1.4,2.6,10.2,3.8,66,0.638,3.049999999999997,2.049999999999997,0.7,0.2,1.1286,0.0,21.6,12362338.0,3.0
1630598,Aaron Wiggins,OKC,27.0,9.8,1.7,3.3,7.7,3.3600000000000003,58,0.54,1.6000000000000014,2.25,0.9,0.4,0.87696,0.0,22.4,10102803.0,4.0
1628392,Isaiah Hartenstein,OKC,27.0,9.4,3.7,9.7,13.8,5.68,43,0.624,3.8500000000000014,3.049999999999997,1.0,0.7,1.0990799999999998,0.0,24.8,28500000.0,2.0
1641717,Cason Wallace,OKC,22.0,8.6,2.7,3.1,11.0,3.08,72,0.536,2.700000000000003,2.799999999999997,2.0,0.4,0.99792,0.0,26.8,5820240.0,2.0
1629652,Luguentz Dort,OKC,26.0,8.4,1.2,3.7,7.7,1.84,62,0.514,2.700000000000003,1.1499999999999986,0.8,0.4,0.5133599999999999,0.0,27.4,18222222.0,2.0
1642272,Jared McCain,OKC,22.0,8.3,1.4,2.1,6.2,3.12,60,0.548,2.25,0.8500000000000014,0.5,0.1,0.8423999999999999,0.0,17.5,4221360.0,3.0
1631119,Jaylin Williams,OKC,23.0,7.5,2.5,5.5,10.3,4.5600000000000005,60,0.602,2.049999999999997,3.049999999999997,0.5,0.7,1.2312,0.0,19.9,8450704.0,3.0
1629026,Kenrich Williams,OKC,31.0,6.5,1.3,3.1,6.5,4.0,49,0.593,2.049999999999997,1.1499999999999986,0.6,0.1,0.882,0.0,15.3,7163000.0,2.0
1627936,Alex Caruso,OKC,32.0,6.4,2.0,2.8,17.6,3.76,52,0.535,3.75,5.049999999999997,1.3,0.3,0.87984,0.0,18.4,18102000.0,4.0
1642382,Branden Carlson,OKC,26.0,4.6,0.6,2.5,3.4,4.0,37,0.597,1.25,0.4500000000000028,0.2,0.5,0.666,0.0,10.3,,0.0
1642260,Nikola Topić,OKC,20.0,3.2,2.0,1.6,-3.7,2.2,5,0.5,-7.350000000000001,5.5,0.0,0.0,0.0495,0.0,10.5,5182920.0,3.0
1642362,Payton Sandfort,OKC,23.0,2.0,0.0,1.0,-68.8,-6.879999999999999,2,0.34,-17.5,-16.900000000000006,0.0,0.0,0.0,0.0,3.5,,0.0
1631205,Buddy Boeheim,OKC,26.0,1.5,0.0,0.0,12.0,1.12,4,0.5,-12.799999999999995,18.799999999999997,0.0,0.0,0.02016,0.0,3.8,,0.0
1642964,Brooks Barnhizer,OKC,24.0,1.3,0.5,1.8,-10.8,2.36,36,0.446,-3.950000000000003,-1.3999999999999986,0.2,0.1,0.3823199999999999,0.0,7.7,,0.0
1631094,Paolo Banchero,ORL,23.0,22.6,5.1,8.3,-1.2,5.5200000000000005,64,0.567,2.1499999999999986,-2.75,0.7,0.6,1.58976,0.0,35.0,15334769.0,6.0
1630532,Franz Wagner,ORL,24.0,21.3,3.6,5.8,1.7,5.44,28,0.591,2.0,-1.1499999999999986,1.1,0.3,0.68544,0.0,31.8,38661750.0,5.0
1630217,Desmond Bane,ORL,27.0,20.3,4.2,4.1,1.1,4.48,74,0.609,1.75,-1.2000000000000028,1.0,0.4,1.49184,0.0,34.1,36725670.0,4.0
1641710,Anthony Black,ORL,22.0,15.3,3.8,3.9,0.7,3.64,60,0.552,1.9500000000000028,-1.5499999999999972,1.4,0.7,0.9828,0.0,30.7,7970280.0,2.0
1630591,Jalen Suggs,ORL,24.0,13.7,5.2,3.8,3.9,4.36,49,0.56,1.7000000000000028,0.2999999999999971,1.8,0.8,0.96138,0.0,27.1,35000000.0,5.0
1628976,Wendell Carter Jr.,ORL,26.0,11.7,2.1,7.5,1.5,3.84,70,0.614,1.8500000000000016,-1.1000000000000014,0.8,0.6,1.2096,0.0,29.6,10850000.0,4.0
1641783,Tristan da Silva,ORL,24.0,10.0,1.5,3.7,1.1,3.4799999999999995,69,0.58,1.6499999999999986,-1.1000000000000014,0.9,0.3,1.0805399999999998,0.0,24.7,3809520.0,3.0
1629021,Moritz Wagner,ORL,28.0,7.3,0.8,3.3,-8.7,4.2,32,0.548,-1.2999999999999972,-3.049999999999997,0.4,0.0,0.6048,0.0,12.7,5000000.0,1.0
1628975,Jevon Carter,ORL,30.0,6.6,1.6,1.7,-6.1,3.0,45,0.537,-0.25,-2.8500000000000014,0.7,0.2,0.6074999999999999,0.0,16.0,7680524.0,1.0
1629048,Goga Bitadze,ORL,26.0,5.7,1.3,4.7,0.6,4.76,56,0.701,1.0499999999999972,-0.75,0.6,0.9,1.19952,0.0,14.9,8333333.0,2.0
1641724,Jett Howard,ORL,22.0,5.4,0.8,1.6,-4.8,2.76,52,0.555,1.5,-3.8999999999999986,0.2,0.2,0.64584,0.0,12.8,5529720.0,2.0
1642859,Jase Richardson,ORL,20.0,4.6,1.2,1.2,1.1,2.88,49,0.576,1.6499999999999986,-1.1499999999999986,0.3,0.0,0.6350399999999999,0.0,11.5,2983320.0,4.0
1631288,Jamal Cain,ORL,27.0,4.3,0.6,1.6,5.0,2.6,32,0.574,4.100000000000001,-1.6000000000000014,0.2,0.1,0.3744,0.0,10.1,,0.0
1642869,Noah Penda,ORL,21.0,4.2,1.2,3.4,-2.0,3.12,54,0.518,0.5,-1.5,0.6,0.3,0.75816,0.0,13.6,1272870.0,4.0
1628371,Jonathan Isaac,ORL,28.0,2.6,0.4,2.5,-1.3,3.12,52,0.498,-2.6499999999999986,1.9500000000000028,0.4,0.6,0.73008,0.0,10.0,15000000.0,4.0
1631457,Alex Morales,ORL,28.0,2.0,4.0,3.0,56.0,1.52,1,0.5,13.0,15.0,0.0,0.0,0.00684,0.0,12.0,,0.0
1630658,Colin Castleton,ORL,25.0,2.0,1.0,4.0,57.1,2.52,1,0.333,9.299999999999995,19.299999999999997,0.0,0.0,0.01134,0.0,10.3,,0.0
1631115,Orlando Robinson,ORL,25.0,1.8,0.8,1.0,-22.4,2.96,4,0.7,6.200000000000003,-17.450000000000003,0.3,0.0,0.0532799999999999,0.0,6.2,,0.0
1630178,Tyrese Maxey,PHI,25.0,28.9,6.7,4.2,1.5,6.16,62,0.59,2.75,-2.0,2.0,0.8,1.71864,0.0,38.3,37958760.0,4.0
203954,Joel Embiid,PHI,32.0,26.9,4.0,7.5,6.9,6.640000000000001,35,0.612,5.149999999999999,-1.7000000000000028,0.6,1.1,1.0458,0.0,31.2,55224526.0,4.0
202331,Paul George,PHI,35.0,16.7,3.7,5.4,5.8,4.640000000000001,29,0.563,3.25,-0.3500000000000014,1.7,0.5,0.6055200000000001,0.0,30.6,51666090.0,3.0
1642845,VJ Edgecombe,PHI,20.0,16.1,4.0,5.7,0.7,3.64,67,0.541,2.549999999999997,-2.200000000000003,1.4,0.5,1.09746,0.0,34.9,11108880.0,4.0
1626162,Kelly Oubre Jr.,PHI,30.0,14.5,1.7,4.9,-0.7,3.28,42,0.582,2.950000000000003,-3.299999999999997,1.3,0.5,0.6199199999999999,0.0,32.3,8382150.0,1.0
1629656,Quentin Grimes,PHI,25.0,13.8,3.4,3.7,-0.2,3.72,67,0.59,1.3500000000000014,-1.4500000000000028,0.9,0.4,1.12158,0.0,30.1,8741209.0,1.0
1630699,MarJon Beauchamp,PHI,25.0,8.1,1.3,2.8,-3.7,3.4000000000000004,11,0.553,-0.75,-1.1000000000000014,0.8,0.4,0.1683,0.0,17.0,,0.0
1631230,Dominick Barlow,PHI,22.0,8.0,1.3,4.7,-0.6,3.12,63,0.597,1.3500000000000014,-1.6499999999999986,0.9,0.7,0.8845199999999999,0.0,24.0,3415000.0,2.0
1626166,Cameron Payne,PHI,31.0,7.9,2.8,1.9,-9.2,3.96,20,0.517,-3.0,-1.6499999999999986,1.2,0.3,0.3564,0.0,17.6,712637.0,1.0
1630570,Trendon Watford,PHI,25.0,6.8,2.6,3.4,-8.2,3.68,50,0.567,-1.5,-2.6499999999999986,0.3,0.4,0.828,0.0,17.0,2461463.0,2.0
203083,Andre Drummond,PHI,32.0,6.4,1.1,8.4,-5.8,4.4,56,0.536,-0.5,-2.450000000000003,0.6,0.8,1.1088,0.0,19.5,5000000.0,1.0
1631213,Tyrese Martin,PHI,27.0,6.4,1.7,2.6,-10.8,3.08,45,0.501,-2.0,-3.3500000000000014,0.6,0.1,0.6236999999999999,0.0,17.2,2191897.0,1.0
1642348,Justin Edwards,PHI,22.0,6.2,1.3,1.6,-4.5,2.72,57,0.581,1.1000000000000014,-3.3500000000000014,0.8,0.2,0.6976800000000001,0.0,15.8,2048494.0,3.0
201569,Eric Gordon,PHI,37.0,5.5,0.5,0.3,-17.6,3.3200000000000003,6,0.754,-3.700000000000003,-5.049999999999997,0.7,0.2,0.08964,0.0,12.3,2296274.0,1.0
1641737,Adem Bona,PHI,23.0,4.8,0.4,4.5,-0.1,2.72,64,0.627,1.5,-1.6000000000000014,0.4,1.3,0.7833600000000001,0.0,17.5,1955377.0,3.0
1631133,Jabari Walker,PHI,23.0,4.5,0.6,3.1,1.4,2.88,60,0.561,1.6499999999999986,-1.0,0.4,0.2,0.7775999999999998,0.0,12.4,724598.0,2.0
1631207,Dalen Terry,PHI,23.0,3.7,1.4,1.8,-2.4,3.0,47,0.522,-1.5,0.2999999999999971,0.6,0.3,0.6345,0.0,11.6,5399118.0,1.0
200768,Kyle Lowry,PHI,40.0,1.3,0.8,0.7,-16.4,1.04,13,0.375,-5.399999999999999,-2.799999999999997,0.2,0.2,0.0608399999999999,0.0,8.7,2296274.0,1.0
1642282,Hunter Sallis,PHI,23.0,1.0,0.6,0.1,-22.8,0.96,7,0.595,-10.25,-1.1499999999999986,0.0,0.1,0.03024,0.0,3.7,,0.0
1641780,Johni Broome,PHI,23.0,0.9,0.4,1.5,-13.6,-0.8,11,0.188,-10.549999999999995,3.75,0.3,0.2,0.0,0.0,5.0,1272870.0,4.0
1626164,Devin Booker,PHO,29.0,25.5,6.0,3.9,4.3,5.5200000000000005,58,0.579,2.950000000000003,-0.75,0.8,0.3,1.4407200000000002,0.0,33.4,53142264.0,5.0
1628415,Dillon Brooks,PHO,30.0,20.9,1.8,3.7,-0.7,3.68,50,0.547,2.1000000000000014,-2.450000000000003,1.0,0.2,0.828,0.0,30.6,21124110.0,2.0
1630224,Jalen Green,PHO,24.0,18.2,2.9,3.7,1.5,4.48,26,0.515,1.2000000000000028,-0.4500000000000028,1.0,0.1,0.52416,0.0,26.1,33584499.0,3.0
1628960,Grayson Allen,PHO,30.0,17.3,4.1,3.0,1.2,4.36,46,0.572,2.299999999999997,-1.75,1.4,0.3,0.90252,0.0,29.5,16875000.0,3.0
1631221,Collin Gillespie,PHO,26.0,13.1,4.8,4.1,3.5,4.48,73,0.586,1.7000000000000028,0.0,1.3,0.2,1.47168,0.0,28.9,2296274.0,1.0
1631109,Mark Williams,PHO,24.0,11.6,1.0,8.1,-1.7,5.6000000000000005,56,0.67,0.7000000000000028,-1.5499999999999972,0.9,0.9,1.4112,0.0,23.6,6276531.0,1.0
1626220,Royce O'Neale,PHO,32.0,10.0,2.8,4.8,-3.2,3.24,71,0.591,0.9500000000000028,-2.549999999999997,1.1,0.4,1.03518,0.0,29.0,10125000.0,3.0
1630692,Jordan Goodwin,PHO,27.0,8.7,2.1,5.0,2.8,3.8,64,0.515,1.7000000000000028,-0.25,1.5,0.2,1.0944,0.0,22.5,2349578.0,1.0
1642345,Oso Ighodaro,PHO,23.0,6.5,2.2,5.0,5.7,3.5199999999999996,74,0.638,2.299999999999997,0.5499999999999972,0.9,0.6,1.17216,0.0,22.0,1955377.0,3.0
1642346,Ryan Dunn,PHO,23.0,5.9,1.4,4.2,1.9,3.12,64,0.53,0.5,0.4500000000000028,0.9,0.4,0.8985599999999999,0.0,19.6,2657760.0,3.0
1631123,Jamaree Bouyea,PHO,26.0,5.6,1.7,1.8,1.0,4.12,40,0.527,-1.7000000000000028,2.25,0.7,0.4,0.7416,0.0,14.1,,0.0
1629312,Haywood Highsmith,PHO,29.0,5.5,1.2,2.2,1.4,4.640000000000001,6,0.729,3.299999999999997,-2.549999999999997,0.7,0.0,0.12528,0.0,13.4,6443984.0,2.0
1642853,Rasheer Fleming,PHO,21.0,4.0,0.2,2.3,4.1,2.36,48,0.515,1.2999999999999972,0.75,0.3,0.4,0.50976,0.0,11.4,1272870.0,4.0
1629599,Amir Coffey,PHO,28.0,2.9,0.6,1.2,-2.5,2.68,43,0.593,-1.3500000000000014,0.1000000000000014,0.2,0.1,0.51858,0.0,10.2,2296274.0,1.0
1642863,Khaman Maluach,PHO,19.0,2.7,0.2,2.3,-0.2,3.4000000000000004,39,0.602,-2.200000000000003,2.1000000000000014,0.1,0.6,0.5967,0.0,8.3,6016080.0,4.0
1642886,Koby Brea,PHO,23.0,2.7,0.6,0.3,-18.6,4.92,7,0.638,-8.049999999999997,-1.25,0.0,0.0,0.1549799999999999,0.0,4.7,,0.0
1643047,CJ Huntley,PHO,24.0,2.0,0.0,0.0,-36.4,5.0,1,0.5,-27.75,9.549999999999995,0.0,0.0,0.0225,0.0,4.7,,0.0
1630587,Isaiah Livers,PHO,27.0,1.8,0.6,1.7,1.1,2.0,36,0.469,-0.2999999999999971,0.8500000000000014,0.4,0.2,0.324,0.0,9.6,,0.0
1628502,Nigel Hayes-Davis,PHO,31.0,1.3,0.3,1.2,-17.7,1.12,27,0.356,-7.450000000000003,-1.3999999999999986,0.3,0.1,0.13608,0.0,7.2,2048494.0,1.0
1630166,Deni Avdija,POR,25.0,23.8,6.7,6.9,-0.4,5.88,60,0.597,2.549999999999997,-2.75,0.8,0.6,1.5876,0.0,33.0,14375000.0,3.0
1631101,Shaedon Sharpe,POR,22.0,21.4,2.6,4.4,-1.6,4.4,48,0.55,1.1000000000000014,-1.8999999999999984,1.4,0.1,0.9504,0.0,30.0,8399983.0,5.0
203924,Jerami Grant,POR,32.0,18.6,2.1,3.5,-0.3,3.76,57,0.608,2.450000000000003,-2.6000000000000014,0.7,0.6,0.96444,0.0,29.7,32000001.0,3.0
201950,Jrue Holiday,POR,35.0,15.8,6.1,4.4,6.2,4.96,47,0.576,2.299999999999997,0.8500000000000014,1.1,0.1,1.04904,0.0,28.9,32400000.0,3.0
1630703,Scoot Henderson,POR,22.0,14.0,4.0,2.8,5.1,3.68,24,0.554,0.6499999999999986,1.8999999999999984,0.8,0.3,0.39744,0.0,23.6,10748040.0,2.0
1641739,Toumani Camara,POR,25.0,13.1,2.5,5.2,0.8,2.84,76,0.574,1.8999999999999984,-1.4500000000000028,1.1,0.4,0.97128,0.0,33.1,2221677.0,5.0
1642270,Donovan Clingan,POR,22.0,12.2,2.1,11.7,0.6,5.68,71,0.602,1.7000000000000028,-1.4500000000000028,0.6,1.7,1.8147599999999997,0.0,27.2,7178400.0,3.0
1631126,Caleb Love,POR,24.0,11.0,2.7,2.5,-5.9,3.2,46,0.497,-0.7000000000000028,-2.25,0.6,0.1,0.6624,0.0,21.9,,0.0
1630249,Vít Krejčí,POR,25.0,8.6,1.6,2.3,-1.2,2.72,64,0.611,0.0,-0.6000000000000014,0.7,0.3,0.7833600000000001,0.0,21.7,2349578.0,3.0
1629057,Robert Williams III,POR,28.0,6.7,1.0,6.9,1.2,6.5200000000000005,53,0.727,0.0,0.6000000000000014,0.6,1.5,1.55502,0.0,16.8,,0.0
1631200,Kris Murray,POR,25.0,5.9,1.3,3.6,-0.6,2.44,51,0.543,-0.3999999999999986,0.0499999999999971,0.9,0.4,0.5599799999999999,0.0,23.5,3132000.0,2.0
1629680,Matisse Thybulle,POR,29.0,5.5,0.8,2.0,7.6,4.08,24,0.605,-2.200000000000003,6.0,1.8,0.5,0.44064,0.0,14.3,11550000.0,1.0
1631321,Sidy Cissoko,POR,21.0,5.5,1.6,2.4,-1.3,1.52,69,0.518,-0.25,-0.3999999999999986,0.7,0.4,0.4719599999999999,0.0,20.2,686243.0,2.0
1631104,Blake Wesley,POR,23.0,5.4,2.3,1.4,-8.6,3.08,27,0.519,-2.549999999999997,-1.7999999999999972,0.6,0.2,0.37422,0.0,13.0,5643732.0,1.0
1643257,Jayson Kent,POR,24.0,3.3,0.0,1.3,7.2,10.12,3,0.776,-7.5,11.1,0.3,0.3,0.13662,0.0,6.5,,0.0
1641871,Duop Reath,POR,29.0,2.9,0.3,1.2,-6.4,2.68,32,0.613,-3.5,0.2999999999999971,0.2,0.3,0.38592,0.0,8.1,2221677.0,1.0
1642905,Yang Hansen,POR,20.0,2.3,0.5,1.6,-15.0,1.08,41,0.413,-7.25,-0.25,0.1,0.2,0.19926,0.0,7.2,4422360.0,4.0
1642959,Chris Youngblood,POR,24.0,2.2,0.4,0.8,1.8,2.44,33,0.527,-1.6499999999999986,2.549999999999997,0.1,0.1,0.36234,0.0,5.6,,0.0
1631451,Javonte Cooke,POR,26.0,1.2,0.4,1.0,-28.6,0.76,19,0.275,-17.85,3.549999999999997,0.3,0.0,0.06498,0.0,4.9,,0.0
203897,Zach LaVine,SAC,31.0,19.2,2.3,2.8,-12.6,3.84,39,0.614,-0.3500000000000014,-5.950000000000003,0.7,0.3,0.67392,0.0,31.4,47499660.0,2.0
201942,DeMar DeRozan,SAC,36.0,18.5,4.1,3.0,-12.1,4.44,74,0.592,0.1499999999999985,-6.200000000000003,1.1,0.3,1.47852,0.0,31.6,24570000.0,2.0
1627734,Domantas Sabonis,SAC,29.0,15.8,4.1,11.4,-13.9,5.24,19,0.59,0.0,-6.950000000000003,0.9,0.2,0.44802,0.0,29.7,42336000.0,3.0
201566,Russell Westbrook,SAC,37.0,15.2,6.7,5.4,-12.1,4.2,64,0.528,0.0,-6.049999999999997,1.3,0.2,1.2096,0.0,28.9,2296274.0,1.0
1631099,Keegan Murray,SAC,25.0,14.0,1.7,5.7,-10.7,3.12,23,0.499,-1.2000000000000028,-4.200000000000003,1.0,1.6,0.32292,0.0,34.5,11144093.0,6.0
1629631,De'Andre Hunter,SAC,28.0,13.7,2.0,4.1,-0.9,3.08,45,0.545,2.049999999999997,-2.5,0.7,0.1,0.6236999999999999,0.0,26.1,23303571.0,2.0
1628370,Malik Monk,SAC,28.0,12.6,3.1,1.9,-8.1,3.72,58,0.561,0.1000000000000014,-4.100000000000001,0.6,0.4,0.97092,0.0,22.4,18797619.0,3.0
1642875,Maxime Raynaud,SAC,22.0,12.0,1.3,7.3,-12.1,4.24,68,0.61,-0.4500000000000028,-5.600000000000001,0.5,0.5,1.29744,0.0,26.1,1272870.0,3.0
1629610,DaQuan Jeffries,SAC,28.0,10.3,0.3,1.7,0.8,3.12,3,0.731,5.75,-5.350000000000001,0.7,0.0,0.04212,0.0,20.0,,0.0
1631342,Daeqwon Plowden,SAC,27.0,10.1,1.1,3.0,-13.0,2.12,26,0.561,-0.5499999999999972,-5.950000000000003,0.7,0.2,0.2480399999999999,0.0,25.8,,0.0
1630173,Precious Achiuwa,SAC,26.0,9.6,1.3,6.5,-7.9,4.08,67,0.565,0.1499999999999985,-4.049999999999997,0.9,0.7,1.23012,0.0,23.4,2111516.0,1.0
1642269,Devin Carter,SAC,24.0,7.9,2.3,2.8,-10.2,3.8,32,0.509,-1.0,-4.149999999999999,0.8,0.2,0.5472,0.0,16.2,4923720.0,3.0
1642363,Nique Clifford,SAC,24.0,7.8,2.2,3.6,-4.8,2.3200000000000003,69,0.492,0.2000000000000028,-2.6000000000000014,0.9,0.3,0.7203599999999999,0.0,24.1,3108120.0,4.0
203926,Doug McDermott,SAC,34.0,5.6,0.6,1.1,-9.8,2.52,23,0.615,-2.6499999999999986,-2.299999999999997,0.2,0.1,0.26082,0.0,14.5,2296274.0,1.0
1629234,Drew Eubanks,SAC,29.0,5.2,0.5,3.0,-11.4,3.28,42,0.605,-1.7999999999999972,-3.8999999999999986,0.4,0.6,0.6199199999999999,0.0,13.1,2296274.0,1.0
1642928,Dylan Cardwell,SAC,24.0,5.1,1.4,7.5,-1.8,3.5599999999999996,38,0.572,-0.6000000000000014,-0.3500000000000014,0.7,1.3,0.60876,0.0,20.3,,0.0
1630165,Killian Hayes,SAC,24.0,4.8,3.5,2.4,2.9,2.52,17,0.399,0.5499999999999972,0.9500000000000028,0.5,0.2,0.1927799999999999,0.0,16.6,263940.0,1.0
1631116,Patrick Baldwin Jr.,SAC,23.0,3.7,0.6,2.6,-17.2,2.08,9,0.549,-5.0,-3.6000000000000014,0.3,0.6,0.08424,0.0,11.4,263940.0,1.0
1641815,Isaiah Stevens,SAC,25.0,3.3,3.3,1.0,-13.0,3.72,3,0.571,0.1000000000000014,-6.649999999999999,1.7,0.0,0.05022,0.0,14.3,,0.0
203967,Dario Saric,SAC,31.0,1.0,0.4,1.2,0.0,0.6,5,0.363,-2.6499999999999986,2.6499999999999986,0.0,0.0,0.0135,0.0,8.2,5426400.0,1.0
1641705,Victor Wembanyama,SAS,22.0,24.2,3.0,11.3,17.3,8.0,59,0.616,5.100000000000001,3.549999999999997,1.1,3.1,2.124,0.0,29.2,13376880.0,2.0
1628368,De'Aaron Fox,SAS,28.0,18.8,6.3,3.8,9.0,4.72,64,0.582,4.049999999999997,0.4500000000000028,1.2,0.3,1.35936,0.0,31.1,37096620.0,5.0
1642264,Stephon Castle,SAS,21.0,16.6,7.2,5.1,10.3,4.640000000000001,62,0.573,3.8999999999999986,1.25,1.2,0.3,1.29456,0.0,29.6,9560520.0,3.0
1630170,Devin Vassell,SAS,25.0,14.2,2.5,3.8,11.9,3.5199999999999996,59,0.581,5.649999999999999,0.25,0.9,0.4,0.9345599999999998,0.0,30.4,27000000.0,4.0
1629640,Keldon Johnson,SAS,26.0,13.0,1.4,5.4,7.0,4.8,74,0.625,2.8500000000000014,0.6499999999999986,0.6,0.1,1.5983999999999998,0.0,23.2,17500000.0,2.0
1642844,Dylan Harper,SAS,20.0,11.5,3.9,3.4,9.8,4.5600000000000005,61,0.567,3.1000000000000014,1.8500000000000016,0.8,0.3,1.2517200000000002,0.0,22.3,12370320.0,4.0
1630577,Julian Champagnie,SAS,24.0,11.1,1.5,5.7,12.8,3.68,74,0.612,4.899999999999999,1.4500000000000028,0.8,0.4,1.22544,0.0,27.7,3000000.0,2.0
203084,Harrison Barnes,SAS,33.0,10.1,2.0,2.9,8.0,3.04,69,0.605,4.149999999999999,-0.1000000000000014,0.7,0.2,0.94392,0.0,26.2,19000000.0,1.0
1628436,Luke Kornet,SAS,30.0,6.5,1.8,6.2,3.4,4.32,62,0.683,2.0,-0.2999999999999971,0.5,1.0,1.20528,0.0,21.1,11000000.0,4.0
1642868,Carter Bryant,SAS,20.0,4.0,0.5,2.5,-0.2,2.8000000000000003,63,0.507,-0.75,0.6499999999999986,0.2,0.3,0.7938,0.0,10.9,4900320.0,4.0
203482,Kelly Olynyk,SAS,34.0,3.2,1.2,1.8,-6.8,3.84,41,0.595,-2.700000000000003,-0.7000000000000028,0.4,0.1,0.70848,0.0,8.7,13445122.0,1.0
1641801,Emanuel Miller,SAS,25.0,3.0,0.8,0.6,-28.0,3.72,5,0.54,-10.549999999999995,-3.450000000000003,0.4,0.0,0.0837,0.0,6.6,,0.0
1642357,David Jones Garcia,SAS,24.0,2.9,1.6,1.2,23.1,5.32,11,0.579,6.549999999999997,5.0,0.5,0.1,0.26334,0.0,6.2,,0.0
1630322,Lindy Waters III,SAS,28.0,2.4,0.5,0.7,-2.1,2.04,39,0.527,-1.7999999999999972,0.75,0.1,0.0,0.3580199999999999,0.0,7.2,2296274.0,1.0
1629162,Jordan McLaughlin,SAS,29.0,2.0,0.9,0.7,-14.3,3.3600000000000003,40,0.532,-5.200000000000003,-1.9500000000000028,0.5,0.1,0.6048,0.0,6.5,2296274.0,1.0
1631127,Harrison Ingram,SAS,23.0,1.8,0.2,0.6,-10.0,4.4,5,0.9,0.0,-5.0,0.0,0.0,0.099,0.0,3.5,,0.0
203486,Mason Plumlee,SAS,36.0,1.6,1.1,2.8,2.2,3.68,18,0.757,3.8500000000000014,-2.75,0.5,0.0,0.2980799999999999,0.0,8.3,3022108.0,1.0
1630649,Stanley Umude,SAS,26.0,1.0,0.5,0.0,-109.5,1.16,2,0.5,-26.45,-28.34999999999999,0.5,0.0,0.01044,0.0,3.3,,0.0
202687,Bismack Biyombo,SAS,33.0,0.9,0.2,1.0,-29.9,0.8,23,0.615,-7.0,-7.950000000000003,0.2,0.0,0.0828,0.0,5.8,2296274.0,1.0
1627742,Brandon Ingram,TOR,28.0,21.4,3.7,5.6,0.6,4.76,70,0.566,2.049999999999997,-1.75,0.8,0.7,1.4994,0.0,34.0,38095238.0,3.0
1629628,RJ Barrett,TOR,25.0,19.0,3.3,5.3,4.3,4.5600000000000005,50,0.587,4.0,-1.8500000000000016,0.8,0.3,1.026,0.0,30.0,27705357.0,2.0
1630567,Scottie Barnes,TOR,24.0,18.6,5.8,7.7,5.0,5.5600000000000005,72,0.58,2.299999999999997,0.2000000000000028,1.4,1.5,1.80144,0.0,33.9,38661750.0,5.0
1630193,Immanuel Quickley,TOR,26.0,16.9,6.0,4.1,2.5,4.76,67,0.579,2.25,-1.0,1.3,0.1,1.43514,0.0,32.4,32500000.0,4.0
1630572,Sandro Mamukelashvili,TOR,26.0,11.1,1.8,4.9,4.5,4.88,72,0.632,2.049999999999997,0.1499999999999985,0.8,0.5,1.5811199999999996,0.0,21.8,2461463.0,2.0
1627751,Jakob Poeltl,TOR,30.0,10.6,2.1,7.6,3.0,4.5600000000000005,38,0.697,2.799999999999997,-1.2999999999999972,0.8,0.7,0.7797599999999999,0.0,25.6,19500000.0,5.0
1642867,Collin Murray-Boyles,TOR,20.0,7.9,1.9,4.9,-0.6,3.64,50,0.609,-0.6000000000000014,0.2999999999999971,0.9,1.0,0.819,0.0,22.0,6332520.0,4.0
1642266,Ja'Kobe Walter,TOR,21.0,7.3,1.1,2.4,-0.9,2.72,64,0.607,0.0,-0.5,0.9,0.2,0.7833600000000001,0.0,19.5,3638160.0,3.0
1642347,Jamal Shead,TOR,23.0,6.5,5.3,1.9,4.6,3.12,74,0.484,1.6499999999999986,0.6499999999999986,0.9,0.2,1.03896,0.0,22.2,1955377.0,2.0
1641711,Gradey Dick,TOR,22.0,6.3,0.7,2.1,4.4,2.8000000000000003,69,0.538,0.4500000000000028,1.75,0.6,0.1,0.8694,0.0,14.9,4990560.0,2.0
1630639,A.J. Lawson,TOR,25.0,3.9,0.3,1.7,-3.6,3.8,16,0.606,-2.200000000000003,0.3999999999999986,0.4,0.2,0.2736,0.0,8.4,,0.0
1631218,Trayce Jackson-Davis,TOR,26.0,3.5,0.8,2.8,-8.6,3.96,49,0.574,-3.700000000000003,-0.6000000000000014,0.3,0.5,0.87318,0.0,9.8,2221677.0,2.0
1642419,Jamison Battle,TOR,24.0,3.3,0.4,1.6,8.5,3.04,55,0.633,2.1000000000000014,2.1000000000000014,0.1,0.1,0.7524,0.0,9.0,1955377.0,2.0
1642918,Alijah Martin,TOR,24.0,2.7,0.5,1.1,4.2,3.64,18,0.491,-2.5,4.600000000000001,0.4,0.2,0.29484,0.0,6.5,,0.0
1642367,Jonathan Mogbo,TOR,24.0,1.6,0.6,1.8,-10.5,3.96,34,0.573,-7.049999999999997,1.75,0.3,0.2,0.60588,0.0,6.3,1955377.0,2.0
1628365,Markelle Fultz,TOR,27.0,1.0,2.0,0.3,-41.6,0.2,4,0.2,-8.100000000000001,-12.700000000000005,0.5,0.0,0.0036,0.0,8.6,,0.0
202066,Garrett Temple,TOR,39.0,0.7,0.4,0.4,-4.8,1.2,20,0.39,-9.5,7.100000000000001,0.2,0.1,0.108,0.0,3.4,2296274.0,1.0
1642935,Chucky Hepburn,TOR,23.0,0.0,1.0,0.5,-47.6,-4.0,2,0.0,-18.450000000000003,-5.350000000000001,0.5,0.0,0.0,0.0,6.6,,0.0
1628374,Lauri Markkanen,UTA,28.0,26.7,2.1,6.9,-1.5,5.5600000000000005,42,0.608,1.7999999999999972,-2.6000000000000014,1.0,0.5,1.0508400000000002,0.0,34.3,46394100.0,4.0
1641718,Keyonte George,UTA,22.0,23.6,6.1,3.7,-8.6,4.88,54,0.609,2.549999999999997,-6.799999999999997,1.1,0.3,1.18584,0.0,33.1,4278960.0,2.0
1628991,Jaren Jackson Jr.,UTA,26.0,19.4,2.0,5.7,-2.0,4.28,48,0.576,-0.6499999999999986,-0.3999999999999986,1.1,1.4,0.92448,0.0,30.3,35000000.0,5.0
1631113,Kennedy Chandler,UTA,23.0,14.6,7.2,3.0,-15.5,3.84,5,0.563,1.3999999999999986,-9.200000000000005,1.2,0.0,0.0863999999999999,0.0,30.7,,0.0
1631117,Walker Kessler,UTA,24.0,14.4,3.0,10.8,4.8,5.5200000000000005,5,0.786,4.399999999999999,-2.0,1.4,1.8,0.1242,0.0,30.8,4878938.0,1.0
1641729,Brice Sensabaugh,UTA,22.0,14.2,1.7,3.0,-7.7,3.5199999999999996,69,0.584,1.25,-5.100000000000001,0.7,0.1,1.09296,0.0,23.0,2693760.0,2.0
1642846,Ace Bailey,UTA,19.0,13.5,1.8,4.2,-9.8,2.84,66,0.538,0.1499999999999985,-5.049999999999997,0.8,0.7,0.84348,0.0,27.2,9069840.0,4.0
1642268,Isaiah Collier,UTA,21.0,11.7,7.2,2.5,-13.2,4.08,59,0.567,-0.2999999999999971,-6.299999999999997,1.1,0.3,1.08324,0.0,25.7,2638200.0,3.0
203994,Jusuf Nurkić,UTA,31.0,10.9,4.8,10.4,-7.9,4.84,41,0.548,-0.25,-3.700000000000003,1.3,0.5,0.89298,0.0,26.4,19375000.0,1.0
1642271,Kyle Filipowski,UTA,22.0,10.9,2.5,7.0,-5.9,4.2,72,0.589,2.049999999999997,-5.0,1.0,0.5,1.3607999999999998,0.0,23.1,3000000.0,3.0
1642396,Blake Hinson,UTA,26.0,10.6,0.8,2.2,4.3,3.84,11,0.711,2.200000000000003,-0.1000000000000014,0.1,0.2,0.19008,0.0,19.4,,0.0
1629004,Svi Mykhailiuk,UTA,28.0,9.2,1.9,2.4,-2.8,2.96,49,0.631,2.6000000000000014,-4.0,0.5,0.1,0.6526799999999999,0.0,23.1,3675000.0,3.0
1642262,Cody Williams,UTA,21.0,7.9,1.7,2.8,-10.6,2.16,60,0.534,0.5499999999999972,-5.850000000000001,0.7,0.4,0.5831999999999999,0.0,22.9,5742480.0,3.0
1631246,Vince Williams Jr.,UTA,25.0,7.5,4.2,3.9,0.3,3.4000000000000004,40,0.478,-0.6499999999999986,0.7999999999999972,0.7,0.4,0.612,0.0,20.5,2301587.0,1.0
1641989,Elijah Harkless,UTA,26.0,6.8,2.9,2.0,-2.5,2.2,26,0.471,1.75,-3.0,1.2,0.2,0.2573999999999999,0.0,21.0,,0.0
201567,Kevin Love,UTA,37.0,6.7,1.8,5.8,-6.7,4.12,37,0.568,2.8999999999999986,-6.25,0.4,0.2,0.6859799999999999,0.0,16.6,4150000.0,1.0
1631131,Oscar Tshiebwe,UTA,26.0,6.0,1.1,5.3,-2.0,4.84,20,0.644,2.549999999999997,-3.549999999999997,0.5,0.2,0.4356,0.0,14.3,,0.0
1643158,Andersson Garcia,UTA,25.0,5.2,2.8,8.4,-9.8,2.08,5,0.394,-2.1000000000000014,-2.799999999999997,1.6,0.8,0.0468,0.0,33.8,,0.0
1643016,Bez Mbeng,UTA,22.0,4.8,3.3,3.7,-17.2,1.52,9,0.479,-2.25,-6.350000000000001,1.7,0.4,0.0615599999999999,0.0,30.8,,0.0
1629723,John Konchar,UTA,30.0,3.9,1.7,3.8,-6.1,3.4799999999999995,49,0.57,-2.6000000000000014,-0.4500000000000028,1.3,0.6,0.7673399999999999,0.0,18.3,6165000.0,2.0
1628964,Mo Bamba,UTA,27.0,2.5,0.3,5.5,-13.3,3.64,4,0.455,-4.450000000000003,-2.200000000000003,0.0,0.8,0.06552,0.0,11.0,458711.0,1.0
203076,Anthony Davis,WAS,33.0,20.4,2.8,11.1,-4.6,6.04,20,0.551,0.0,-2.299999999999997,1.1,1.7,0.5436,0.0,31.3,54126450.0,3.0
1629027,Trae Young,WAS,27.0,17.9,8.0,2.0,-8.1,5.12,15,0.612,3.049999999999997,-7.049999999999997,0.9,0.1,0.3455999999999999,0.0,25.6,46394100.0,2.0
1642259,Alex Sarr,WAS,20.0,16.3,2.7,7.4,-12.4,4.84,48,0.544,-1.0,-5.200000000000003,0.8,2.0,1.04544,0.0,27.2,11808240.0,3.0
1642273,Kyshawn George,WAS,22.0,14.8,4.5,5.1,-11.5,3.5999999999999996,48,0.559,-0.8500000000000014,-4.850000000000001,1.0,0.9,0.7776000000000001,0.0,29.0,2966760.0,3.0
1642848,Tre Johnson,WAS,20.0,12.3,2.0,2.8,-10.4,2.8000000000000003,57,0.541,-0.8999999999999986,-4.299999999999997,0.5,0.3,0.7182000000000001,0.0,24.0,8237640.0,4.0
1642882,Julian Reese,WAS,22.0,11.4,1.9,11.0,-11.3,3.72,7,0.61,0.25,-5.850000000000001,1.0,0.4,0.11718,0.0,31.0,,0.0
1641731,Bilal Coulibaly,WAS,21.0,11.3,2.6,4.4,-11.2,3.16,52,0.524,-0.7000000000000028,-4.899999999999999,1.4,0.9,0.7394399999999999,0.0,26.5,7275600.0,2.0
1631214,Alondes Williams,WAS,26.0,11.0,3.0,6.3,15.6,5.32,4,0.745,6.25,1.5499999999999972,0.8,0.8,0.09576,0.0,25.2,131970.0,1.0
1642267,Bub Carrington,WAS,20.0,10.3,4.5,3.5,-14.6,2.84,74,0.55,-1.5499999999999972,-5.75,0.6,0.2,0.94572,0.0,27.6,4677600.0,3.0
1626156,D'Angelo Russell,WAS,30.0,10.2,4.0,2.3,-3.3,3.92,26,0.511,-1.0499999999999972,-0.6000000000000014,0.5,0.1,0.45864,0.0,19.0,5685000.0,2.0
1642860,Will Riley,WAS,20.0,9.4,1.8,2.7,-12.8,3.2,66,0.555,-1.2999999999999972,-5.049999999999997,0.6,0.1,0.9504,0.0,20.6,3512520.0,4.0
1641715,Cam Whitmore,WAS,21.0,9.2,0.7,2.8,-19.6,3.28,21,0.528,-2.799999999999997,-7.0,0.7,0.4,0.3099599999999999,0.0,16.9,3539760.0,2.0
1630702,Jaden Hardy,WAS,23.0,9.1,0.9,1.5,-4.6,2.76,52,0.576,0.3500000000000014,-2.6499999999999986,0.3,0.1,0.64584,0.0,15.3,6000000.0,3.0
1641774,Tristan Vukcevic,WAS,23.0,8.7,1.1,3.0,-14.5,4.32,47,0.597,-3.299999999999997,-3.950000000000003,0.4,0.7,0.91368,0.0,13.6,,0.0
1630551,Justin Champagnie,WAS,24.0,8.3,1.2,5.4,-10.3,4.2,63,0.595,-0.1000000000000014,-5.049999999999997,0.8,0.6,1.1907,0.0,19.5,2349578.0,3.0
1642955,Kadary Richmond,WAS,24.0,8.3,2.7,3.3,4.0,5.16,3,0.722,0.2999999999999971,1.7000000000000028,2.7,0.3,0.06966,0.0,22.3,73153.0,1.0
1641778,Leaky Black,WAS,26.0,8.1,1.9,5.9,-3.7,2.64,9,0.566,1.2000000000000028,-3.049999999999997,0.8,0.8,0.10692,0.0,31.2,,0.0
1630536,Sharife Cooper,WAS,24.0,7.3,2.6,2.2,-12.5,3.3600000000000003,33,0.577,-1.3500000000000014,-4.899999999999999,0.3,0.1,0.49896,0.0,16.3,,0.0
1642364,Jamir Watkins,WAS,24.0,6.3,1.2,3.6,-6.0,2.64,42,0.549,-0.7999999999999972,-2.200000000000003,1.1,0.5,0.49896,0.0,19.2,,0.0
1630264,Anthony Gill,WAS,33.0,4.7,1.1,2.6,-11.3,3.04,47,0.645,-1.25,-4.399999999999999,0.6,0.4,0.64296,0.0,14.9,2296274.0,1.0
1631103,Malaki Branham,WAS,22.0,4.6,0.8,1.6,-8.8,3.96,28,0.604,-3.75,-0.6499999999999986,0.4,0.1,0.49896,0.0,9.8,4962033.0,1.0
1627746,Skal Labissiere,WAS,30.0,4.3,1.0,3.0,4.0,4.96,3,0.65,0.2000000000000028,1.7999999999999972,0.7,0.3,0.0669599999999999,0.0,12.5,131970.0,1.0
